product_id,product_category_name_english,product_weight_g,product_length_cm,product_height_cm,product_width_cm
14aa47b7fe5c25522b47b4b29c98dcb9,bed_bath_table,1100,16,10,16
f4d705aa95ccca448e5b0deb6e5290ba,bed_bath_table,250,20,2,15
ce130b350f529a1d6288f927da7404ea,bed_bath_table,1450,45,10,15
e91f30f35875789d4b7d14610aa88c15,bed_bath_table,500,16,10,16
386486367c1f9d4f587a8864ccb6902b,bed_bath_table,835,40,9,33
8da77162e41d47464f9806727417cf6e,bed_bath_table,3600,50,10,30
a79c0d179a6de79b23a81b64b3980c04,bed_bath_table,1200,45,15,35
6a61a5d77a8571a0646e8c0f75f572f4,health_beauty,360,30,19,22
dbb00dd9b017066946537423958bd4ea,health_beauty,1000,16,12,13
9a3d13559997d2639ebd02e75913b799,health_beauty,233,18,16,14
124a15d998dfe011681819d7c792f7bb,health_beauty,300,17,12,11
52198ab6a720304fd80cac19c691a049,health_beauty,150,32,20,20
d4cd62aeff97bcd3154deb9488f0cc5c,health_beauty,450,16,2,11
4f6f29245fede78dbd0027274c7bd9a8,health_beauty,200,18,8,13
154e7e31ebfa092203795c972e5804a6,health_beauty,100,20,15,15
680874c570dad71c0a2844cfbf417054,furniture_decor,600,25,25,25
812f428f6757ab16c46cffc68f2e90c5,furniture_decor,600,60,7,14
f74eb9bc847b5e5e906e5e214bb451b8,furniture_decor,900,30,4,20
5727b4e9463bfa0b43bf97397c4b7c44,furniture_decor,2450,53,3,48
48e82f62f499350869ac7529efd9fcbd,furniture_decor,650,25,5,17
a1bf559ac1eab015ba992bd76d9d76c7,computers_accessories,200,39,2,30
2e511b5741ab14e7f5294df6f1310b03,computers_accessories,188,20,16,15
e791e580a2421e4471aebb0629c705c1,computers_accessories,200,16,4,14
a963ea4d494221de09b70f1b4a70edbd,computers_accessories,150,35,8,11
913dfadde395f6049127173cfbb96121,computers_accessories,200,41,2,29
a8115d34a4b7b74388da609692162c37,computers_accessories,250,41,2,29
70906e04da1eebf3d1b8791bd09ffe85,computers_accessories,214,18,14,13
83b92639fffd1d55c9e04c77c86d8d2c,computers_accessories,280,20,15,14
92bf5d2084dfbcb57d9db7838bac5cd0,telephony,100,19,3,11
4473f3e5c65952b074ef987fa5c24662,telephony,350,17,4,12
a1d17216996bf0cbba886f91bfd31c77,telephony,103,21,6,14
f99af3a3d10f7a52df7eb10abd1b72be,telephony,50,18,6,11
c24f692e0f20f854c24c31517610ba7c,telephony,200,18,3,16
036734b5a58d5d4f46b0616ddc047ced,telephony,300,17,4,12
a8d952e8e5436a6fe36d24c402d100de,telephony,300,17,4,11
4a74e7a025c5837140060a472bd16950,telephony,150,19,5,20
a6d351912e312fb24186739576d04fe2,auto,5650,47,19,23
65906875895d4c8ba11779d8bd5b1270,auto,450,30,30,30
b5034cecd2d602fcc8175e8fe0988a3d,auto,200,35,4,26
0d826eba8e0a2ae3bca9e3a947dd756d,toys,250,20,14,12
d0c59b22539b0b391e5834a1dae7caa8,toys,350,19,22,17
9aa70106d14b83c7ad033592870b2b30,housewares,530,17,20,20
7db409a594f815ca2267b5383d139ee7,housewares,1550,46,10,35
121b9686b9929855d823981fc655a6fe,housewares,6250,53,23,28
2ac7c9339ff85fff3e1aee3eaf7bb315,housewares,217,18,5,14
d696750e550fd0f733979dd7e5dff921,housewares,950,53,5,13
1169ec485506aa10f38d941275dfce4b,housewares,550,18,12,12
c6336fa91fbd87c359e44f5dca5a90ed,sports_leisure,150,16,16,11
62224b433a431310bf27129938ad9f64,sports_leisure,700,49,12,27
8058b0067728a211c68874081e7352d4,sports_leisure,1000,20,20,14
ed13ae6f86e2108b97c3e86d7a9adc3b,sports_leisure,1600,26,26,26
a5ff20b029ac4a8efcb652a53f640ce1,sports_leisure,850,16,16,16
a8fe47ad6f852f93cc92c7b408687de3,sports_leisure,400,70,10,20
3fddda7e92c16fa45033a4373a116e00,perfumery,75,11,11,8
21419fbb5e6e21591c1dc83cb75aec07,home_construction,5850,60,25,25
84e1b9c6ba2ed178bd217097b41f1251,kitchen_dining_laundry_garden_furniture,10893,33,88,44
0a2fff0d95ef3bbb7dffc618f9542ba9,watches_gifts,283,18,12,13
6bebe9cd650ba6c55af91897a572e3d7,watches_gifts,150,16,2,11
25cdef5b1428725aa16b8b9a6fbd72ca,industry_commerce_and_business,1200,30,20,30
f1d4ce8c6dd66c47bbaa8c6781c2a923,baby,4950,40,10,40
78119fbfa709d07b86f5ccf15043c6d6,cool_stuff,586,18,11,13
f9677c35e1360591bd6b86e3c5c20181,stationery,300,16,5,11
63094ac128b54dd72d511043411df079,fashion_bags_accessories,150,21,9,14
f911903162e5c7cfa48e5b803068b091,construction_tools_construction,400,20,5,20
344cf40b4cf885e32de129b0917e4a33,construction_tools_construction,750,16,11,11
bae8ac5e125a98fe445bc17714104709,luggage_accessories,10700,40,100,16
694f7daacd749d7bde487e0f9675c5b8,luggage_accessories,850,30,15,15
bb706a70fa03c46aa8d5f4a15505ce1a,office_furniture,650,20,12,15
cf1d8e226162a1d0ad61f29b7ed72d82,market_place,250,18,8,18
7aeaa8f3e592e380c420e8910a717255,home_appliances,5500,29,37,25
cc3181a81384b6fc34602d49cb6068a6,home_appliances_2,18450,68,21,42
34282a40b7d2b7aae8762762cb6ebcad,furniture_living_room,4350,58,16,53
4c8b28305f570899b6ded964ddd234a9,furniture_decor,550,34,6,23
1906cb28cdc0781f04a95d4d3d0d980d,fashion_bags_accessories,300,16,2,11
a8f6902216234a2535986d89451f9ad7,fixed_telephony,800,16,28,25
c5fb785eb88d9246c4a9b3e7d47632b5,computers_accessories,300,35,8,20
19c91ef95d509ea33eda93495c4d3481,health_beauty,700,25,12,19
1cbe6092926b24ecacfdeb748bc34105,auto,4950,65,25,25
d0be993a2140a8cfe0a106b6c2d974b6,construction_tools_construction,200,40,4,30
168b1b45c68037b0490157ee10540349,bed_bath_table,3150,39,13,46
086351823300e0339f6955b27998c186,bed_bath_table,3305,65,12,45
bd2c3709849255acdbf5855094cdaa01,bed_bath_table,1525,50,15,38
c2fb73db15e28aa021dcf7b2856fef27,baby,3600,60,20,50
5c97588998ff51dd072c59f19bed6c78,kitchen_dining_laundry_garden_furniture,17000,35,96,12
5e53af05c040b01584b81b3549945faf,costruction_tools_tools,200,16,16,16
c0603988d17e4588dfce0f7f01978557,bed_bath_table,400,26,18,23
08c816d9a716567bf436173ef6f5f12e,electronics,150,18,12,15
fb61913f136b043fa02aef89b739fd1a,health_beauty,1400,20,40,20
8527a4190bad5e8443739b3cdb19920b,computers_accessories,650,17,15,11
ede062bcd13ef64b5cc87369e4edaf62,health_beauty,250,16,5,15
dd4c3b4ab7e001aaf385ea2e68952030,baby,450,30,7,20
121b5fec5d2e7d0de3c0f58824bbe6ea,books_general_interest,400,27,6,18
ac907983b036be593568677bda43fff7,perfumery,300,29,8,20
6bc8dadd7731eae110fe2d177361784c,computers_accessories,138,16,13,13
729dfb36954326a8b9ad0a5602571943,signaling_and_security,200,19,12,12
908dd61b840a480fa931ef04389c6266,home_confort,1500,45,15,35
3cc4b421c1f28dd22e86fc4aaafb600e,bed_bath_table,1100,44,2,35
78efe838c04bbc568be034082200ac20,furniture_decor,2500,40,10,30
6d7a4492be45dfb8e38e762efe6614a4,telephony,300,17,4,12
b756577e274d3a4793fc27209d7072db,health_beauty,200,16,4,16
e6fd80a00ebb1a3e0d58a38555fbbf2c,computers_accessories,500,19,9,16
96d1c06692244e2fed6e1f9aa9552770,bed_bath_table,625,70,15,50
20c7734379b9740b6ac065132d5a353c,stationery,550,16,10,15
97017430754804328eb9597b7f85da03,telephony,300,17,4,12
03940e741e919e2c258e177d875f8423,auto,5400,78,4,47
b95179da85cd8482c7a347e9a0d08466,sports_leisure,250,20,5,13
1c21c1ed398eae61184065889ca3d4b0,bed_bath_table,900,42,8,37
5b74831156cb4a6957d9a00caa41d4ea,books_technical,350,23,2,16
a1a97164f38cfb98511eb68e6b40ad94,computers_accessories,100,16,8,11
80d3aeff2ab6c9d795010c029dbd5ddd,furniture_living_room,4350,58,15,53
8787e56abaa84fc6c3ba9afa857632b1,office_furniture,20700,58,28,58
4e1d8ab59a756d83db0a0902c1342e11,telephony,100,16,22,11
09b2a4f1ce3561a6562ffdccc0ca7c18,garden_tools,1150,25,20,25
93c902b021a9e594f658ab1b0351602a,electronics,1250,26,10,18
656e0eca68dcecf6a31b8ececfabe3e8,computers_accessories,173,18,13,12
a1dd59756b92c62cd39375d0b0222698,bed_bath_table,200,16,10,16
974d9d3338a9d3d2b96ac5d5d9379968,sports_leisure,20650,28,11,28
a94036c0bb4dfce8d5762777c07b7be2,bed_bath_table,2500,43,8,33
132166cc21f572ad76741f4487b49b49,telephony,250,21,12,21
5f0bdec2fb222061ed8fe52586a5957d,telephony,113,18,4,11
3225c54bb2785c33f49f50398fcdb88c,watches_gifts,269,17,11,13
8d7d29e5fb9ff5333009326c87fc04e9,office_furniture,7433,57,68,31
7c1bd920dbdf22470b68bde975dd3ccf,health_beauty,200,22,10,18
a1efe4a86746c22541813e22e1d23e33,bed_bath_table,1950,34,9,33
e5eadf9be70a4a9fa514019542fc330a,home_appliances,1200,35,20,30
63085bb4366ded27bcb63cbb59b4103a,baby,13100,38,47,44
38fbe42a76e0c841c9445467b7e5ab30,bed_bath_table,550,16,10,11
ff7fccf8513f360157f0660fe51d1d88,sports_leisure,1500,80,14,16
5bd6493a2d5a384987386f2696bae33d,telephony,150,19,4,11
b3e40ff639c185b9d726b4b19c17e6cd,cool_stuff,2150,42,25,15
f9ce5e5592c6836c379b156a1b043684,sports_leisure,1250,60,15,15
1a758361b1c10b3ffe3d3373332de319,sports_leisure,175,17,10,13
d6b21712ba181dea6664f1b3e09d650e,sports_leisure,360,18,14,16
5bf57bdef224b9486b45ebba37ec6191,bed_bath_table,1300,38,7,28
fa89410dfdb2990c73083756cefe198b,bed_bath_table,550,40,5,30
8c1e9287e6b9508f4663a1bd31d2d837,stationery,600,16,4,11
9565229244e9341fb8c8069879cf73cd,bed_bath_table,1700,34,7,32
7855801875dac05bda454284be8be7db,housewares,3500,36,30,32
ee6c49af1a2de55aa0e076257ab4ab99,computers_accessories,140,22,14,14
2d9ea8e50b1cfa0b4e2678e63ffaf630,housewares,17500,66,23,51
ec2d43cc59763ec91694573b31f1c29a,bed_bath_table,800,20,20,20
7fb9118562782456232ad0c6e54386be,health_beauty,2200,36,11,19
736f1b87428f9cfe5f5184c4ac0fbe05,bed_bath_table,1500,40,15,32
f2b67cf6ef88cbc9c2f3e482f558b318,perfumery,117,16,11,13
ee98d78ba152f752429f6bc86297841f,construction_tools_safety,3125,40,21,32
42a2bd596fda1baef5719cb74f73030c,bed_bath_table,1300,44,2,35
4724ffa427f315c485e39b02e21859b2,health_beauty,550,16,9,11
40b09f33e646d488df2ca6fec4082d50,stationery,7150,60,20,29
09dbbe2c4f26cad4d560aea043f9632c,baby,800,40,30,50
7c6ae4d12d2754ca0826ad17792c554e,sports_leisure,2000,33,30,30
ee72ae8f6d0b11d7f04230fc894d7e39,costruction_tools_garden,1700,22,22,14
c8e85f0e77fc6b81698e9ea2269988fd,musical_instruments,14100,61,58,24
18b0e642cbae7251e60a64aa07dd9eb9,computers_accessories,200,41,2,29
fed5c40c27e1c88560a9e92d82ee0825,electronics,150,24,12,18
4298b7e67dc399c200662b569563a2b2,computers_accessories,200,21,14,15
bfa56a308202301eca94dc7f8b5c3dca,health_beauty,350,16,7,11
d88df6347b8ee090e7a79d4493e1abe2,industry_commerce_and_business,400,20,20,30
741e14d6cfe9c7dfcace49c4a0989bf3,baby,1350,60,20,50
a0c6107c67d8dc850d070c70c7d32000,computers_accessories,350,19,3,13
6d0064c2c27664982756ef1dabd3ba8a,health_beauty,1150,19,15,15
7b35ccd93a2184646c03b70326626923,sports_leisure,1563,20,16,17
c7e721eda335285746c694e6c408949b,watches_gifts,331,19,13,13
fd29afd700b83ec4c34fe4a5b68fc23d,electronics,717,20,7,15
bb42f37fc3d9130e4a4339d24a47dd7c,bed_bath_table,400,20,2,15
caa41bf17e27022341da028e79152c4c,health_beauty,180,16,13,11
927c2a01437aaec44d9b67f277b55eab,office_furniture,11350,63,61,24
e1ed9c25b42fc1afbc7459cc821a9d44,construction_tools_construction,7700,50,20,50
12f066474dfa3c415c169051c5e1967e,telephony,200,22,8,15
3eef0cb94ba82de806bb30ab743c7655,office_furniture,11880,50,60,27
2a46d3a8cb337e4c4b5db2d6df599cea,electronics,5200,20,15,13
951e2998189b05082eab2080036b135b,telephony,350,17,4,12
e1723cc3f4bc8a361b57f8c8b97959af,electronics,200,25,7,16
4cb922d064b9a86b25b900350108771e,toys,11850,50,35,40
368c6c730842d78016ad823897a372db,garden_tools,1650,30,22,30
bac35584a4b6413380a74f9617e12379,stationery,1000,20,20,20
612fc86af2e1c8927886a7503dcc67a1,auto,1600,33,27,26
cb81df0e3ccece253557f2a07df4727e,sports_leisure,225,18,15,16
bf66f5d110af02b50af37038afe90bd9,pet_shop,400,20,20,20
8c81ff84f8301d0db2fbfde90da0f5a5,stationery,2050,20,30,20
c53136cc2d9c25f291925712487f22eb,bed_bath_table,1600,49,7,40
49d7eb00f7557973ece1df7ff7ed415b,health_beauty,200,16,6,11
45b280868bcc8124d9309f459a42eeaf,sports_leisure,6450,20,20,20
c10a7001e8b49dfc03817444b5f2ed81,watches_gifts,500,16,2,11
9c54fc6d530332481d147e58ed7d3eb5,sports_leisure,500,16,16,16
1782400950423c9b12600278b8ef65d3,perfumery,567,23,15,16
261244fc4d0197d8772346872f5b0f5e,kitchen_dining_laundry_garden_furniture,975,41,12,12
682fa9a2b1120191903abcde5950f072,sports_leisure,700,22,22,22
7ac5f520abfc0589418bc7c76cea7a7c,bed_bath_table,1550,30,10,30
b37a8cda46313ac91d79f16601ca5253,garden_tools,600,21,8,13
2e64d11879c5bbda600381dbb5452a38,health_beauty,1350,26,18,11
cd46a885543f0e169a49f1eb25c04e43,computers_accessories,3475,54,13,48
a334304f952399f2161225628a9d2891,health_beauty,300,18,10,14
b8b426747049f2d3d6e00b486d47dedb,health_beauty,1250,42,11,12
871238c57d25f282d163be9e712c36a9,health_beauty,2400,30,12,16
d6ab25b0dad785bcf8be87b821dd9b37,furniture_decor,1000,40,30,30
d6230529fca40334f2dfb8bd8e7759ea,toys,500,22,7,15
2653c1a28e65f36161bcc73f0ca52727,baby,5150,40,10,40
170b033abb14ccc92a21b95dba58fa90,housewares,325,25,15,16
c55fe8cbb36a1353e443dc9e773b80da,bed_bath_table,250,28,4,16
d73068913476e74d4f35a6f2d5399ae9,luggage_accessories,650,90,5,11
fdbd77fe1773263558126c16e0b4b67c,bed_bath_table,1500,30,10,30
9795a7cdf0e9c1c2b4db0c1ab37e0831,home_construction,600,40,3,50
1945afae0c93166dce1f186d00125695,computers_accessories,6500,30,30,20
a45ce07b9fbd59f065c8fa0c0361506e,auto,2600,35,20,20
8bab563be2e3316280e3990af91da7b7,electronics,133,18,11,14
a59fb60fddcc72a9878b7ed5cb69d8e4,audio,200,27,5,20
1f9c7cb810e038f7414d60d43bc97d18,sports_leisure,850,51,16,20
54150edcad1b68cda8c750475e0db3ad,perfumery,100,16,6,11
36ea81e90d1292dcdc3ad8abb09c20fe,baby,350,42,27,42
40002041835941ae0e10b9716ab7b03d,electronics,700,22,6,11
ab1f9387c0627dd24000bfbc54fdeee0,electronics,175,22,11,16
516ccdc0667fe7e260156d1998ef9546,office_furniture,7563,58,65,30
f58e45b16a42a325c144eb2c46a2bc57,,6250,28,34,40
00e040fed5fb843e28740181ddca3521,telephony,400,17,4,12
33ba4b29d820b397054cc97e892ab1bc,auto,300,17,10,15
aa280035c50ba62c746480a59045eec4,toys,200,16,8,11
a0c8114ed9f3ecd1a0394e3987b87613,cool_stuff,8100,45,24,39
43ee88561093499d9e571d4db5f20b79,furniture_decor,200,20,20,20
2f1927c926303d27159849d2601d5d96,sports_leisure,650,28,20,25
7fdff1c504647eff040e08cd98ce3210,toys,200,17,21,11
9882de2a7da613f71ce16f22e42d50d8,health_beauty,250,16,4,11
ba959fa0160c144aab62f721009c5f32,auto,12200,62,62,19
65680a7e713d50001948661c2b252f37,watches_gifts,275,16,11,11
dff96addbfdf534a44ed5094b8c6765d,signaling_and_security,800,47,8,12
ff817f0901191fbe02933928daa95e6e,auto,725,60,8,33
f264c1d9b20b5e4a340254d0405e613b,cool_stuff,1050,42,25,15
e5e4c79bce72fc7476860916c1a9dd18,computers_accessories,3750,36,16,36
e00a570d375c55a1858a08669ae684df,health_beauty,300,19,12,13
211293b50935ced8d4370f552c482d74,drinks,226,18,16,16
2b4609f8948be18874494203496bc318,health_beauty,250,22,10,18
b45618718859484b336a58082991847b,stationery,900,30,15,15
597db778f5d2ebf10a3fa0f43a2ae143,luggage_accessories,1000,35,10,20
309dd69eb83cea38c51709d62befe1a4,construction_tools_construction,2150,20,8,20
d35dccc8b673b41ed414984b463b17b4,musical_instruments,200,40,5,11
cec09725da5ed01471d9a505e7389d37,sports_leisure,2500,20,11,11
29dcc20b00ccb0dd2136eb2f4c5f3847,furniture_decor,1700,40,10,40
ffc0b406806006602c5853b00ab5f7fd,christmas_supplies,4450,50,8,45
f2e53dd1670f3c376518263b3f71424d,bed_bath_table,1975,41,13,31
bd69e6d599b9a3d9c298617c14e46f9f,bed_bath_table,700,45,15,30
90e5ed878b30ab97ae49a5709c1dbd5d,stationery,1350,45,10,50
e3a23a99f074226ad690393a840c3244,fashion_bags_accessories,100,17,3,12
8281b348c92d101d10c17e412b99d748,health_beauty,2000,30,12,16
40a87530ff9dde7f4f9a977c513c749d,stationery,1500,38,30,28
43944a8f8f0b7ae86b6c3d3c2f257375,home_appliances,4920,65,11,33
0df80257de6a3154415598a80718fb81,electronics,100,25,7,16
c6dd917a0be2a704582055949915ab32,cool_stuff,1200,42,25,15
7edd6cf84eed8d7a3b63543734fb1249,stationery,750,16,20,35
ce169d5f9421a6f21e41a7bf54d0b98e,musical_instruments,500,30,20,30
b813c88d024da60c2cbdf7a531e4fa77,perfumery,500,23,8,15
2343570575e2990224008969445d7402,watches_gifts,100,16,3,11
b1981e2c01dadbfbc44f735b74c5038f,health_beauty,500,35,12,18
8c5876b1c7768217964f353bc7e64393,telephony,250,18,3,28
d5a94c75d108fd56ceca390b4ae60e55,sports_leisure,975,20,20,14
7b10697c2c3686763958e2c55e8fe2b9,musical_instruments,2750,103,12,17
98ec655119c24de03b804696821f3955,health_beauty,200,20,20,30
1df9ea4c24394047de1837c6f00673b3,computers_accessories,150,16,15,13
7501e40e8bc7a7db7c2f4b005e1dddcb,computers_accessories,650,25,11,15
34dabb8af33b3756cf72df05fb327011,tablets_printing_image,300,26,10,26
4180a49d4b879e727ad2c8e82a9f4d87,sports_leisure,250,16,15,16
6bbe55cf8f85c87b6eebb775a53402f4,tablets_printing_image,283,22,12,21
8ed094bfe076c568f6bb10feada3f75d,office_furniture,16133,63,59,25
1a4eccba16567c9ffa6e98d0f552a883,housewares,8950,95,6,45
4100a608bd0aa524b06ffefba973707b,health_beauty,688,17,13,16
e4bc26706c5391433592fc23fecce0c7,furniture_decor,2500,105,3,70
36f60d45225e60c7da4558b070ce4b60,computers_accessories,207,19,11,14
09364ccfda8448d03ae4082f6044b16e,computers_accessories,200,16,10,16
a5341e3f8155dbb3e62323d3ea289729,furniture_decor,2850,40,5,44
775917a2882dceb1d02aaa6b1abc1b24,furniture_decor,8050,52,18,35
dd0286e208604a3b60d3d0653981dbd7,telephony,163,18,8,13
c1aaab8bfc16d73c6829b879f558fad4,auto,1050,40,4,30
d2f5484cbffe4ca766301b21ab9246dd,computers_accessories,180,16,9,16
07591f80309eb6393c6af043b234cb83,office_furniture,16650,58,28,58
e78506414d2563b6414cfd84b7fa0802,perfumery,460,20,14,20
6781eab14bf137c9a168c67a29c92c29,watches_gifts,481,18,13,15
43423cdffde7fda63d0414ed38c11a73,watches_gifts,350,16,14,11
d69b7880f262ed14de5f8149d2f0931d,fashion_bags_accessories,4600,16,2,11
d8a3b568800dd60242c366e5e02184e4,sports_leisure,550,16,10,12
ca5c923962558430573f83661dbe36d6,pet_shop,1250,40,20,30
62ea5f65c53b526eee8ccada76b1446c,furniture_decor,1950,105,3,70
304fad8dc4d2012dc4062839972f2d96,construction_tools_construction,1700,16,11,11
2ffdf10e724b958c0f7ea69e97d32f64,watches_gifts,263,17,12,13
0bcc3eeca39e1064258aa1e932269894,garden_tools,1800,37,22,40
6473836fcba4675677ffc426c98db787,auto,375,20,14,18
b8a0d73b2a06e7910d9864dccdb0cda2,health_beauty,371,20,16,16
f7566c7c51e266442be8db4b8797ee1f,construction_tools_construction,11550,33,12,33
7c4a8bec217df1de0df2b5aaf8175b65,audio,167,16,4,11
48fcadc21e52503298f6f6519475c3e1,baby,650,36,15,25
86032b927304e96f4d4a9aa72104d70f,baby,250,40,40,30
1ec5253cf0b6d3a31b822770cfa139b5,housewares,9000,50,14,50
1a405418406359cc2b8815f93bf359c2,sports_leisure,4550,20,20,20
0c3dc3f0b8ea2ce274c0bd18b2a31f5b,sports_leisure,600,20,20,20
4c2394abfbac7ff59ec7a420918562fa,health_beauty,600,33,19,13
88596b69f04745db1f8ba135da5c708d,stationery,310,21,7,15
1190eb246390ebf377a858260f546a98,watches_gifts,500,20,13,13
a2105c8c0d5d99dbc5a2a9ad94321e5c,sports_leisure,4800,58,10,50
ab330e1b64fde92d3b4d4d6980a38576,stationery,150,16,5,15
e3425df9bd51be69917273c9dd92ed5e,watches_gifts,733,17,10,18
22a8168cf1f1c6347da8d29863b7f75e,consoles_games,155,16,7,14
1be380bc1811ed4d29daba3508f6f6fa,sports_leisure,400,16,16,11
341d85d688ecc3353cf2a968e7ad0dbf,health_beauty,350,16,10,20
652b18ad9473f05a20e25e9b7c6107ef,bed_bath_table,850,25,5,25
f77dd338d9f75229a09cbb9a18fd0c9a,bed_bath_table,400,20,20,20
8cf9973ba86ba4067dc5de39d247c47d,auto,100,33,27,26
71bd788b998b8394fa883c302c04b08c,furniture_decor,400,50,3,25
d79c712e7afe8f0fd59b749ee1e4fc97,watches_gifts,250,16,2,11
af532b7b70d7b3c1a2f042eb10fed9be,watches_gifts,235,16,14,14
fde90f06296b26995fd0de6f16610d70,costruction_tools_garden,1650,22,14,14
188d0b148e6d1c86faffe0d73c3f2dad,furniture_decor,7650,25,25,25
48cf041a87beac458328d395d035515a,telephony,150,19,4,11
7ac0d3f8ac5b60c13d74b02b8cbb4623,pet_shop,1050,20,17,25
2efe79c475e4c22430aedf7eacc830ee,sports_leisure,1900,25,25,25
d1c427060a0f73f6b889a5c7c61f2ac4,computers_accessories,6550,20,20,20
f72ddd64b808244cb34e9e02e9bd92fb,auto,3300,35,20,20
5e26cbd45b83e411e82e3a8cafa8d951,baby,700,20,20,30
9fc96a5f44c80640e0ad172c9ff13703,sports_leisure,600,23,23,23
283dc451ad3918badb976d56ff887289,bed_bath_table,1650,44,2,35
d316be2b41acc6a122548a0d08570ca6,home_construction,15000,50,30,50
a437d4e13afed02d510ea08321cdc5b7,watches_gifts,500,21,16,17
c8abdbe349a97073e7aebc795be55bd8,sports_leisure,2150,105,15,15
df0c26d7ddb998e2517658a55e46e48a,home_appliances_2,14400,55,15,36
6893767814d1ac82a81bcd365e1cc918,electronics,200,25,7,16
bff37004a9931f431a8cbede5e20db7e,auto,1050,30,30,30
afeeea6271148ee1bb15173b8187c431,telephony,450,17,3,11
cbfe76ab27b6cb27aaafcc2199f9dab9,sports_leisure,6450,51,31,31
53f022fb540ac66bc0374331d2342a60,bed_bath_table,5775,56,34,46
378fed7e555fa94c149f571bba1d71b0,auto,950,41,45,11
59f09deeea7c839a9212a19f3416b892,housewares,30000,60,66,29
9e10ae46a3021a02f1692448ef9fa1db,health_beauty,175,21,3,15
72673e0bc839ed1b1ccaf1fcbc9dc3b7,auto,1800,34,40,19
f40876e0ef3cd5f9132b1f16b04b1346,health_beauty,427,15,17,14
48fed1b321d23ca8ba0752b138e7fbe5,bed_bath_table,1275,39,14,29
c0047dd512738c1a067099c37b78f627,baby,200,16,5,11
c5b72065154ec27c2d1ed8a654c3348f,watches_gifts,416,18,9,13
30ac6df06dc59ad72cf2f158fc2d904c,housewares,16550,22,65,40
fe05ad488982d6de6373f13486d92d99,bed_bath_table,750,30,5,25
f95d5d21561ea085ba1e1a4e53840844,toys,8900,32,49,34
5dbf50af9485478b933f1028e108640d,electronics,150,17,3,12
f196248e8b5d060cca414a664ea9a76f,auto,1900,90,14,18
d7d5562fce331ad958ca6f57057b3526,cool_stuff,700,42,25,15
43e09fcb6175856e87a4d9b91321addb,toys,6038,49,19,44
e65ab426efaf65e083b917d2e9eac80d,books_technical,500,22,22,13
4a69baa66a13d1adeb41cfe3bc0c27be,cool_stuff,500,45,8,49
b80921007ed3f68cf6e536e6daf08610,telephony,300,17,4,12
23b943460884877c44de1ed05d357d83,pet_shop,600,16,11,16
e0cf79767c5b016251fe139915c59a26,health_beauty,250,16,5,15
77cc62dc80ebe12a0452d1ce0565acdc,sports_leisure,1625,29,21,21
3986c6e32f39114eff1ded07f1cb16fb,industry_commerce_and_business,413,16,12,14
cb52e6775d816cbdadade36948e81fc8,sports_leisure,10000,40,34,44
6205a1c1b1de4a917061c0f3745eebcd,auto,350,17,6,12
91f55803717622c017fb93898242a592,food,5150,26,28,24
a8075470f960215ffb67624782f80fec,garden_tools,2900,67,3,31
2ff17002562478fb03cd44f09e7ca51a,watches_gifts,283,18,14,14
bcb4f6803e8889a70dc5ed14c2f5f785,computers_accessories,200,16,12,11
37c5b1281e2b86442a3d6a5478af7ab8,baby,700,25,10,25
d0fe4295267f15ccaceac4fb233d8c9a,computers_accessories,350,20,2,26
99a4788cb24856965c36a24e339b6058,bed_bath_table,1383,50,10,40
d95f03455f14fd566743964beef46ff0,housewares,9800,31,61,31
757e8df3e7c5c52482db573f5f368e1d,consoles_games,400,21,10,13
70fe9b99d340c044c0316517b7b2ed8c,food_drink,250,16,16,16
af9c4277d06aa18aabbfebbe94ee9c79,sports_leisure,2700,20,15,15
188025a9e821ac2a983b63c5d7512df0,toys,2200,31,65,19
1f2b62e693c588aef7be1f457137b15e,furniture_decor,3000,69,11,11
2f0b48ed3b5553d989aed89a6fcd9487,auto,6400,20,20,20
c62bc42d383a40b285eee3f95240c817,bed_bath_table,1800,43,8,33
8a2fde854a6f41aae89ce99303a847e8,sports_leisure,150,20,10,15
3a806ac1ab98107febb4ffcf38bc1fac,baby,4750,60,20,50
72d3bf1d3a790f8874096fcf860e3eff,toys,583,20,21,20
7983db6d188350c1bd47183bb7fb0049,furniture_decor,7400,40,38,40
97b3b8e8ed22d0ceb3b3c520e806a334,electronics,200,22,14,17
5f315c482ee138f3766f5a9169f16ba6,watches_gifts,250,16,11,11
b891c682fc2f37ea421cd3bf2f4fcd00,housewares,450,16,25,11
4b5e26931a0b0d3a690a3f520329a975,sports_leisure,9450,85,10,33
582c166bb305eb330d28695a084720c1,furniture_decor,11750,53,42,38
e952feb7c657aae141c56f208088d511,,600,16,30,11
7aafb113cc4cdd6f842135ceb2ba4b50,sports_leisure,1950,25,45,25
9bfc55df037ce3ac01bfd84781adf7e5,audio,530,19,14,15
711032db75fae9c76c17020aa359a99d,telephony,296,16,9,22
82c3ea364e5480f335f6743ee725a921,computers_accessories,275,16,5,20
5ccdfc35d9cff8db4fa46b83d5712899,pet_shop,15700,81,19,60
b31c4e55a23622a7ed5c0a2db4e43f1b,sports_leisure,1000,51,16,11
3cb39171fd36c50097f2dedbbe0dfe6e,auto,100,17,10,15
00a0db09dc7c94d512ec51900141ed69,computers_accessories,400,23,7,15
a8aae2d57f0b7d4b495da36a2ea21385,costruction_tools_garden,3300,28,28,23
7ccf77a35a771800776f1cdcb41b6f97,watches_gifts,383,19,12,15
937c825572d26b9e5a723527c6d625c6,bed_bath_table,300,25,8,19
61c59ebbb2d9510287434ab66f6fc237,auto,6050,56,11,32
5637032095493f280eae8d9da00da6f1,luggage_accessories,750,81,6,11
72c0ede833dac61a24ac9a7c394066a5,stationery,1250,38,30,28
b914a18d4547eff292fedeccc82faec6,watches_gifts,800,19,17,18
25bf7c5e5f9d008845212122805014e5,bed_bath_table,300,40,4,30
d473f089b5ee128dde110a0f756f8ef0,furniture_decor,1100,16,15,18
3b0f7951038b105522c2d566b54421f7,telephony,175,17,6,13
be1c4cf8a2d2aade623eb7a646d2a0bc,bed_bath_table,850,45,15,30
2873da054c3a30189c5aac7b87d3b6e9,,1150,40,11,15
37e6d1846b84ed781ae3af2fd42c7469,christmas_supplies,4800,50,8,45
a35a9f46dcee0a67c8c7ad8493eb4135,computers_accessories,200,41,2,29
a77453f011b20e66aec0d64f59106fbf,computers_accessories,100,16,16,11
0f91b6a95a57a43203a9b17de98960d9,health_beauty,390,19,12,17
cc1b5f3a64b4f452bdf5473f10dc6aaf,perfumery,388,19,12,14
922ee69fced8c701d47470e02811d22a,computers_accessories,400,16,6,11
5a2f62420bd55b28cdc512cd79263c73,perfumery,100,16,11,14
52de0484c8791bf5bf92748455652d10,telephony,200,16,13,11
0a4093a4af429dc0a9334300e5c13ae5,health_beauty,300,16,5,15
d5991653e037ccb7af6ed7d94246b249,computers_accessories,922,30,15,17
0faa4ca558654b554d4d09abd8fe33d2,computers_accessories,150,16,6,11
dfb97c88e066dc22165f31648efe1312,auto,5417,47,44,44
3438c2b09f5a1bb1ed623d3fecafe3b9,furniture_decor,500,16,5,11
5758144640044883abcfc4569f97b5ee,telephony,100,18,6,11
1f0faca592be013ccc1cd6cc5517eef7,health_beauty,850,16,35,11
37d007abbb05d792773dcf090208e077,market_place,1175,54,10,33
750dcfda0a9788bba89c94bb82a322db,housewares,7350,25,62,25
4fe644d766c7566dbc46fb851363cb3b,art,1700,65,6,50
02934e6f6fe473ea19f3e42b9deb9b59,housewares,435,16,35,11
608b018a4443a457a5cd1e58de213cb2,furniture_decor,300,22,4,11
59c8342a739963404bfe66f292329b15,fashion_bags_accessories,700,43,30,48
781afe929e3016a667f5f439afd55fce,sports_leisure,400,18,18,18
4025ee582ef6b8c478af3b44cf89054b,bed_bath_table,200,20,2,15
fb01a5fc09b9b9563c2ee41a22f07d54,consoles_games,1500,33,25,11
a412a4cce5810a2d4fc9ce36664a929b,auto,5000,61,34,36
60495adb1f1a49c8aea75e5e56a47a48,health_beauty,150,19,7,12
81b6c7c058add831803fcbba6dcc1df2,bed_bath_table,1400,34,7,32
e0d64dcfaa3b6db5c54ca298ae101d05,watches_gifts,4338,17,12,14
c89226b8a795ae3d6bca9d90b20dbf04,agro_industry_and_commerce,400,17,8,12
961d02e19e9ade3ba8aa028c87b0d8f7,computers_accessories,350,16,4,11
47a465cc5e0ae0b5cfa55a76909639a3,sports_leisure,525,17,14,16
b7605b5b483063d12bd90a772bff9d21,bed_bath_table,550,40,7,50
ac44def10e24998cdee20a208d691127,bed_bath_table,1175,45,7,35
a4ea9c0ad9f13236720b9027254545a8,furniture_decor,850,40,5,11
8fd57e95e8bf639d562620356071bc23,watches_gifts,381,17,12,13
8aa6223e400af9c97b07c75993142721,baby,5000,40,10,40
baa06ab558aa0e88f3cb7bc0bf263c7a,consoles_games,500,20,12,16
9cb854ba582f5a6b7832b86553c0b8ab,baby,250,17,7,24
419cb1b441eda9b92ebd1a1b96090c26,telephony,350,17,4,12
891fda5230e6e284e5430ded76eebcd7,electronics,100,25,7,16
65266b2da20d04dbe00c5c2d3bb7859e,stationery,250,51,15,15
f4f67ccaece962d013a4e1d7dc3a61f7,auto,7625,61,14,61
176faef125e3675b4eeaa6083ada61e1,baby,150,19,9,12
ee08e2b1f2f38ce754c804780c6a048c,garden_tools,150,20,11,14
00baba5b58e274d0332a0c8a0a66f877,perfumery,200,18,7,12
b74d57e3377dd78aace6d070fc48cc88,bed_bath_table,675,40,18,35
a9008450835cd38eabdf07eb6dd04bdd,perfumery,526,22,15,17
044f05bc9de36e8a693a83e4bc79dd0d,telephony,300,17,4,12
e8316a4667e5870c85e906b1f062bde1,office_furniture,9200,53,52,17
c9dbe2eec19a8093cb5ac57486531c18,bed_bath_table,1375,30,6,22
d122ad26c4f3f21e0167a6ccc55fe9fe,stationery,300,19,4,15
4cd623b0731519cf74354784255b2b37,watches_gifts,350,22,12,19
06edb72f1e0c64b14c5b79353f7abea3,bed_bath_table,350,25,8,19
9351b1e4334769dc0abe871ee3c7abc3,health_beauty,350,19,17,15
e5215437680ffc2cfdb0ce9088870176,fashion_shoes,500,30,5,12
2eb72d11643aaae8f92fafc9296674c8,sports_leisure,200,21,21,21
0bc9537c77fb84d081077c24714c8506,computers_accessories,400,16,16,13
9d0bb30eed80184666c8acad23921283,books_general_interest,500,20,22,15
12e3d9b67368b8d1563127a8b3407f79,auto,13700,35,20,20
d69e906470f99256b16bee14a0268fd1,musical_instruments,150,17,17,14
b6c1e56a27659fd3ff8d352d7a24457e,health_beauty,300,16,16,16
f3b82a9bd4330abce1d6fc15a966e6d7,health_beauty,675,26,20,23
879b84c7cf2433c4fa8f416a780109a8,toys,200,20,25,25
3b94e26edc496743bbce82c42f0a9903,furniture_decor,400,50,3,25
eafe7084b1d20c58faacfe86983c73ad,sports_leisure,18000,97,14,28
457cd0a99cfa977993e4eb6d98d95abb,telephony,350,17,4,12
363218ba55c610b750224f90bdd34be1,bed_bath_table,1813,67,12,47
71191d3e8768745afc1c290c63f6241e,telephony,150,17,8,14
c7b3b8509e06ae21abdd78b541215cda,perfumery,317,19,15,17
a8b0dd2c57b49b649373ff5a495a697e,computers_accessories,350,17,7,13
4c6aedb2bfbcb47f59db757dfc22c607,art,700,19,5,20
62984ea1bba7fcea1f5b57084d3bf885,sports_leisure,1092,30,26,22
9257d3f01cd400076c63470f92434c7e,cool_stuff,500,16,11,11
b5aebb467d9a92162173cbd234e00d99,agro_industry_and_commerce,550,16,16,16
db06e3f64ff47ef36a46f8530d002fa5,,1300,17,19,20
005030ef108f58b46b78116f754d8d38,perfumery,50,16,5,11
50fcba527cde578e212f114ba5cfdfef,cool_stuff,1000,42,25,15
fc276546b539ea9ad62827c2a5e2ae42,furniture_decor,550,25,25,25
3de0f67a3747dbf94f485e9f5843b02d,health_beauty,200,20,10,15
537795846d3155fd59b4eb12545b1b2f,perfumery,50,16,5,11
8e070d077d43019c6ab43765f69d8401,bed_bath_table,1200,60,15,40
679d1a26cc192f14e7e30ae397f8b089,health_beauty,350,20,10,15
78514b0a0cec96621010b7b6a2bfd6c6,furniture_decor,450,50,3,25
542d8fcc4a81cd455526d35b556437b7,auto,3900,65,25,25
3b43f7794dc5da533ffd74ebfeccf539,sports_leisure,467,22,26,22
2cc7c90e4f016e696c34e817f09e658f,cool_stuff,1000,41,30,30
5a09313e3a42d69ab0b9fe5cb5e45341,telephony,200,21,2,15
c77dfb9c5aa26053afa89e2f78e09719,fashion_bags_accessories,150,18,9,11
cb606ee58d4f11da0e4b813f87f6fd46,auto,150,24,2,17
5bfc7506459ae2a7b4b573fe557a58e1,bed_bath_table,800,45,15,35
c075b8e131353552218860f1c421e4ef,kitchen_dining_laundry_garden_furniture,1750,20,16,30
27f0ec8644d62c85b25674aaa6d1124c,,1000,40,11,15
f67ad6b3366ae186b8d29087e6d5ebd0,auto,100,17,4,17
e9b2560544c293e02f2b966041e10f24,sports_leisure,1143,24,22,19
21fd3b391a97c2fedab9d0efdd183a93,housewares,2650,53,15,13
c25174e1e4fd7fe5c3420869d61fe2a6,toys,600,39,30,29
799e525b4327b03a6d4a325e68c6cad1,health_beauty,800,26,18,11
cbc1321327e4846330530a9abcc13841,sports_leisure,850,60,15,15
a779813bc20484d25e7dddbacab940a7,health_beauty,700,30,12,16
33ca6f53f303d370a64975dc0e2c86e9,toys,2925,46,23,24
2a2d22ae30e026f1893083c8405ca522,bed_bath_table,8350,50,27,38
9c8d68903b5106018c797e0e862ae55d,electronics,200,25,7,25
ad90bb7ba2b9ed51338d3d97b180bb05,health_beauty,350,16,22,24
cdcb999fe37b74a0422b6865b79aa570,sports_leisure,2100,60,15,15
566a4f2c4385f36d15c00dfcaae132d1,electronics,150,25,7,16
5a7373ba4c9b3e13513ded06cd1986c4,sports_leisure,105,20,20,20
c243b9426a87ba098db1a7da1512d919,,1100,80,5,12
6bb54c0a1ddf991dc06cc7cb5a13bab7,construction_tools_construction,200,20,4,20
073af5ae737ac55290eb733f67317242,auto,700,26,8,14
dd61e943598eec72351633dd6a72d5dc,perfumery,350,36,6,22
9e45be91c990797c9bb60ce6fa369bff,furniture_decor,2500,105,3,70
00250175f79f584c14ab5cecd80553cd,housewares,750,30,5,35
c8c969c3a6423f48df9fde8a13e6770b,bed_bath_table,550,28,4,22
af3741580aab9876533f1c3e08aca7bb,housewares,5950,44,2,26
26e253f334cf93847fcbf6e9faf51eb4,sports_leisure,6650,93,6,93
422879e10f46682990de24d770e7f83d,garden_tools,1550,30,22,30
9b125b82780e1bbb7716c906ff46f89b,pet_shop,800,38,4,19
87b28d72d12acf347bee8bec0bc7d2fb,sports_leisure,4500,26,11,33
e1901d5d99ca951543717ea5d1940a36,cool_stuff,500,31,7,27
c4a6de6225217d4539c861c0b6316d86,sports_leisure,700,27,12,49
db5efde3ad0cc579b130d71c4b2db522,audio,6663,17,11,13
be0e6c61c2bcdd9a4d022ba67fd66189,flowers,250,40,20,25
1a909e04ddbc64bda3fc905834678201,computers_accessories,213,15,7,11
07f381c65e8e66460c07781b9b1b8834,office_furniture,17050,63,62,24
371fa349d92646bbeea5873df0bcdc5a,housewares,490,20,18,16
0fc6914383c2bea767a9562c9d8b43a1,computers_accessories,338,32,6,36
151133751552ad5bdd6645dfdcb0e728,bed_bath_table,1475,38,11,30
6ca1597b8e5f2618c47b414b68094450,sports_leisure,600,17,2,16
7614c62b86a81021243e438cfde78ccc,health_beauty,9900,30,39,38
11e5f8670ab66f75fd2b979a6d2a14b2,bed_bath_table,4600,50,23,36
273e331241d86e8c9dd35408c755751c,sports_leisure,1350,105,15,15
05b0feccfab2debfdb5744e42bdb6f71,fashion_bags_accessories,150,21,9,14
617186c3d97ea56c9c683a8a3974e8c1,perfumery,550,21,12,20
9b2db9ec16a8a51549f32462bf973523,toys,3110,33,24,43
a5f6ba3fe91a2e73f10b612131cb2404,electronics,138,19,17,16
44aadbb26d5c81d9846b0c48bc00d7a3,bed_bath_table,575,34,17,28
a23331d31bc426296b09f6a373f6aab5,computers_accessories,50,16,12,11
e070a61270050c4b1b704300f331cca6,pet_shop,850,30,20,30
d63c1011f49d98b976c352955b1c4bea,health_beauty,950,35,25,20
513e834f4f9225e4e8b233716a699774,perfumery,200,20,20,11
7a10781637204d8d10485c71a6108a2e,watches_gifts,342,18,13,15
98a8c2fa16d7239c606640f5555768e4,garden_tools,8325,43,14,33
08401f48b67a852d06105725c3013eff,toys,350,28,10,12
f449d5919390268a18a8c424e3a62dea,sports_leisure,650,18,18,18
b99aa566793f3b99ab8bee7b285221de,furniture_decor,2400,40,37,40
8f1ab88c66cc3d534f1678dc3ca409e5,health_beauty,300,16,16,11
44a34214a57dc373dcd80f54c919d006,sports_leisure,350,67,15,15
dd72d83b749ec911396ef3337e00b633,christmas_supplies,600,20,15,15
b4bc9f5c59d29ba89f37dcfa9ea53cc1,housewares,2100,50,11,50
c5e31bcea566d7f28ebc011e9fee182f,bed_bath_table,800,16,10,16
f1fe595ee7ef768b41bd9b246d13432d,garden_tools,1900,17,13,31
c40b4d64d9a3328382ec1fc2948c4af0,telephony,100,17,5,12
094af0a75d07c0dbdccaa23e88149673,sports_leisure,6450,35,25,27
3149cc41e8223dce87f99a27e7934730,furniture_decor,600,20,35,20
474bb6b54fc608ca71059a6c4f7ecda3,electronics,150,30,10,20
f141d3e2ffc848525d220f5df39c5415,auto,425,60,8,33
41fbde40144efcd09db07250981d7b93,auto,5500,45,20,45
edfa4e50fd451a55d8c18fb7344d2c35,sports_leisure,300,20,10,15
321fd48981c751663bc43487274e7609,baby,100,31,6,31
bc055ae94989497c0d66bfa4263ccf61,computers_accessories,150,24,12,13
c0205b35b5e0f162b0dcc48572223b72,perfumery,400,19,11,17
1f58ebdc810e1d5c7cead7f763c27a94,bed_bath_table,550,30,5,25
9dfb2984ab775b6175202b9e9e678641,housewares,750,16,16,16
b6813bc6cbb96c27b585f558d5b5af4b,sports_leisure,750,16,16,16
93c480c7d11c68ba0a71e850da61b674,computers_accessories,300,16,4,20
3ff81cd0e0861e991bb0106c03c113ca,toys,600,21,14,21
16d096faa27582985f849f08370cf1ed,agro_industry_and_commerce,4050,11,18,10
fc1d8637c0268af3db482c14b7ef8e75,bed_bath_table,1700,34,7,32
a2a61ecd4e916c3ff787c137d23957bb,housewares,3100,30,40,40
7b44e5ea770ef06810f5df89006cc8b2,electronics,4100,20,15,13
a2da86fa759178e9e58e54aa1a144e59,telephony,350,17,4,12
90b58782fdd04cb829667fcc41fb65f5,office_furniture,7417,102,46,11
d9a5a0aa013c348c28ff4626ed6dba71,sports_leisure,350,17,10,17
ba3c7887791624fd8c3fee460dcda417,pet_shop,500,24,11,24
6fd82d8f842424334fedf31190e54d24,watches_gifts,250,16,2,20
ba1b78ee2d24870c2bb5c4be33af89eb,watches_gifts,450,16,11,12
fca2e81c23d935ea664ac286eb86ccf5,perfumery,200,22,7,14
6768450f8156d15d2eea50dbf509794f,health_beauty,200,17,8,12
7cb52b1fc31186f200f2ad70fef8d3e4,,200,16,2,20
240735529a8d46a6878d8c99fc648867,sports_leisure,10200,105,15,28
827c4a77226a3e7ef259d61eaa775df9,furniture_decor,1300,30,25,25
2c855454330b900b5238383ea6e815ca,furniture_decor,2500,38,7,28
72ef87b1953a2844ed089bd6dcf73913,office_furniture,650,23,15,15
3a9c4070ee3d8325be46ec77b483c6e7,baby,3900,41,17,49
a5e28e21acf7c99188ad33f688f18837,computers_accessories,1550,20,4,20
01ff1ff8aa5dec93e9938b989393a4ca,perfumery,350,18,13,18
3cdb91cbeb22b6e87c8b595b68dfd5eb,costruction_tools_tools,800,30,30,30
9a63d4ef456702710823c21b8cca0332,auto,200,16,6,11
9bb8ca338e5588c361e34eae02e8fad6,health_beauty,431,19,17,15
bee2e070c39f3dd2f6883a17a5f0da45,computers_accessories,175,20,20,20
ffeb228c521d5464d1f71444da96c446,telephony,200,19,3,11
f9a7825fa51f487b8a48f67e9efced8c,sports_leisure,2600,30,10,30
1b947042ada4bafeaeb8714e1584d5b1,furniture_decor,5950,64,8,64
68a058d125ba1544e726898f0b8c0523,office_furniture,10475,52,51,17
8a68c060dbab4ae66aa885e13e1ef7b3,computers_accessories,617,17,18,23
bb50f2e236e5eea0100680137654686c,health_beauty,400,34,4,22
8983a3b149303c013fceabef902e835a,computers_accessories,450,16,3,15
ba6f5d5d953687794a10f01691232bc3,auto,200,25,3,20
423b46d7ff817b1cd19ab195c7b76546,watches_gifts,200,16,2,20
0cc18feec97e534a363ec0b14c632692,fashion_bags_accessories,200,16,9,11
77fdeb8d4f7502f75b6779205f30a875,bed_bath_table,12250,62,27,47
078faa63eb55a5055713e141f098624c,auto,1100,60,8,33
de427aed54c97c0b1edbdf2ee28c7bb1,costruction_tools_garden,1000,16,16,12
f09b7fd613031e630e7b5cf9911c0318,stationery,6350,38,30,28
ec246911ea63f94a11fc8d78c270153f,musical_instruments,600,16,24,22
8de2f47b78997a49459d4564b093fecc,computers_accessories,1040,33,13,17
23365beed316535b4105bd800c46670e,telephony,350,19,4,11
a79e27ad902bfc67386ea63ed1ef7a08,agro_industry_and_commerce,100,16,5,11
e6d3e381889aa6e9d222ad50cb30ac43,watches_gifts,480,18,11,14
134529314360d3cb9e5e052b0b7b4b39,construction_tools_construction,100,20,4,20
569ffd16f8032478cbeb9800f2e94ba0,furniture_decor,410,39,3,28
50fd2b788dc166edd20512370dac54df,electronics,150,30,10,20
bfdf870440db3d003d76d1a9085fcd2b,fixed_telephony,331,21,13,17
cb04681b1a0dc519c3184cae771a2cdf,housewares,850,25,15,36
ba74c6b75d2ad7503175809688d5a03c,watches_gifts,292,17,8,12
d9ef0410018bcb16abef7c8f005fa2f9,computers_accessories,150,16,5,16
305cf3d6eaf7d2339acabcbacd5e3142,sports_leisure,6350,51,31,31
a2e281fad531f293409da05efe8097fa,auto,350,16,16,18
d9235fea02ba3f9fafcd78d898ac4355,construction_tools_lights,1300,22,15,18
9689b050651107828cab68a05c1996d5,furniture_decor,750,60,11,11
089526cae28a7fd487bfb3bab161d701,computers_accessories,200,17,8,11
c448475cc4766baebabe30ee6d5f3fb7,stationery,450,20,30,20
756d52539899974a9b2ae56aff0b6a2e,costruction_tools_garden,15100,59,32,22
ccdb0e2f5fada241364ea94cfaa2332a,musical_instruments,700,16,7,30
5215505db2113a032810c3644c346a38,watches_gifts,250,16,2,20
909b87db6cb3a7ab26bd03cc59860136,computers_accessories,169,16,10,12
0a9bdadab17a9b0f258f64d11a0adf7b,furniture_decor,7480,53,48,26
0c3cd8d63839bed6f80aca6388766417,watches_gifts,500,16,2,11
afbefb1506762049cf9e9bbe2ce06ecc,,830,19,6,26
656bf6da1eeb7dd128b9b567eea3ca3e,home_construction,800,36,36,20
59fc88d07b8100b80600e42f3e5ac79d,housewares,1350,30,8,22
4cb6e86e1328e77e20b5f90771683cbe,sports_leisure,1100,22,27,22
9be8d8c1b3cb9e629230d4c176b14ae9,,2200,20,16,14
308a7360ee2e0ecfb6aa7708428692af,electronics,150,16,7,11
5599be6fe59cd2257edfdec9d45442e0,auto,400,17,21,11
ca9c04665b3deab07935392e7432cdbe,furniture_decor,600,68,8,13
e906fa76a27488f805ba8584a4c10cba,bed_bath_table,650,16,10,16
5f92aaf8550e38b93a0e338fb805b3a4,baby,650,33,16,22
399656db7a0d49d36300b81120bffeb1,bed_bath_table,3225,40,5,30
e844770f85faafda86f20911fcf607b5,musical_instruments,7350,70,20,30
e85cdca8790ea0026ddf7316f469608a,furniture_living_room,4600,30,16,30
bb9b0c89e9d58f5cd33126ab223de642,bed_bath_table,12600,50,28,40
5994a2fdff4b0f9ca4376c4226adb442,housewares,8300,102,14,34
ffc9caf33e2d1e9f44e3e06da19085f7,health_beauty,2134,25,22,16
bc45f8d4954ef77dcaad81627640cb2e,furniture_decor,1700,100,7,15
d9545b3e8df3155bca5b302d0f7c3c1c,computers_accessories,4350,30,20,20
2b7aa376a6e728560bddb5558cc48e89,office_furniture,13388,54,47,28
fcc22617447eefe483e5e60d6bdf7b22,office_furniture,1000,20,12,15
1aa464d8b37fad27aa67da15cb76d312,furniture_decor,3000,69,11,11
9fbfc0d1a475bb65f9c0e39bb927a99a,housewares,4450,16,29,23
87283a98b24f9f1ac3a31b631073cf47,fashion_bags_accessories,150,16,5,20
45ace3827ebfe577f1a9b99f35e23e60,luggage_accessories,733,43,11,35
e819fddd6622f30e872bfc89471c1408,furniture_decor,650,16,15,13
5d7a4ee1450d108913cdd64fff383338,auto,250,25,15,25
ed2067a9c1f79553088a3c67b99a9f97,food,750,16,12,15
f7b39dca4a425dcfd4a8b0b0aac4b7c0,housewares,600,18,19,18
d9c2eaccfa617895e2720f212e592de1,sports_leisure,1400,22,27,22
f2399cabe080029634d12cec4f60dbf0,office_furniture,2100,16,26,26
a1f7dace2a9af48dd48428c12001dc09,home_appliances,300,21,12,12
0e1694ea20b32def37ee9eec200f9a5c,sports_leisure,300,16,15,11
ad3bd5419246087e48ef4832de3516a4,health_beauty,2400,19,28,17
f71050e65776861c8c3ec7a2d2b0194c,housewares,3050,30,30,30
e8884e9848d271e0a15364723850aece,stationery,10950,60,20,29
08a58dc963320d6073623382b9ceb920,computers_accessories,400,17,7,13
65610bb38e3ee3e20a94885411c3feec,health_beauty,175,16,13,14
5f00c50de3d989194f0439e343480372,bed_bath_table,1350,40,5,30
159e7e73295b609960c0797eb64b3d39,pet_shop,467,22,34,21
fa66c43e63966d8b1770f6df326e05fb,sports_leisure,260,18,11,14
a5b27ab457629a351464825096c64688,electronics,3000,40,12,20
c445e66ff5aed16191fd41e4d9fcf2aa,bed_bath_table,1175,29,7,28
d3f466b2502b985d472e7f0fb60eb678,bed_bath_table,1000,50,30,40
cadb69af336c16aba5c5223599821245,electronics,200,25,7,16
ba4a91633739ceceb2b73b627e2cfbc3,office_furniture,8750,52,51,17
6d53aac0a317895a3d25dd19d821ec0c,furniture_decor,400,50,3,25
5d66715cc928aadd0074f61332698593,electronics,150,20,13,18
59614aca5e5ddb29fd461f83c8f32b1d,furniture_decor,550,34,6,23
19e17f268ccea61dbea86367763aec38,home_construction,300,16,11,11
4d8f78374f31cd4b4932c1f2a42c4674,perfumery,100,16,16,11
42b3cf00e662d57725bd2425b106563f,small_appliances,1300,33,24,24
fadced14c797b6382fe83c56c85f7eb0,construction_tools_safety,520,19,13,16
f4a38926843e01497a3f63a5d5740c72,electronics,150,22,13,17
19bdd86ca06c5bcaf94fe9e856bd6a3f,toys,2450,55,21,30
62487ad072596c457fd65db240a755b8,furniture_living_room,4725,58,15,53
b395922ca8e9ba82b2a81822968d0cf5,furniture_decor,800,100,5,20
87c622f009c352a3c10cb90169b2a21b,bed_bath_table,300,40,4,30
263849cef3655e2a54a6f55d4ccad401,watches_gifts,200,16,2,11
e3e0c67c30ba9f25ab3a0f8e293737ed,,10100,33,30,44
1a080577618e7fe4d9ddd8fb2b47a964,watches_gifts,425,19,13,16
b42f9966116a4518f832f1a13ec8456a,electronics,200,25,7,16
7e6850f360e60da72b7d3b1b37f42312,computers_accessories,800,33,11,14
84003eefe52bb4112252409a24ae3a73,perfumery,400,19,19,16
bd149e7e19bab469011f129cdba049e6,office_furniture,16800,58,28,58
9f94fe66050fae9e9351d5c83f4667c8,toys,500,23,10,17
11fd9d7ba552e1d28872e008acf1e050,cool_stuff,10225,19,11,11
b95aa596a845b94878fd6d210d7fd9b7,stationery,1350,38,30,28
f50038f8fae2efed02781cfcb79122d5,bed_bath_table,1150,16,10,16
8db97c571a61d830930cf029a34c33ef,stationery,5550,30,45,30
6cdd53843498f92890544667809f1595,health_beauty,900,25,12,38
b84520a57891e7a8ae2c68741dcc7146,watches_gifts,250,16,2,20
583f158587cdecda3e8bdea694021e39,sports_leisure,800,42,8,26
a04f52ded97b5530e8783e3c002b90f0,bed_bath_table,900,44,2,36
0d86ff0b639e969a11a7b3dce67e181c,bed_bath_table,1850,40,5,30
29427de7f8a9ee983d9dbc51cec569b4,cool_stuff,4475,44,24,31
3bebad3cf2c8d1a8d3ce97174643e054,agro_industry_and_commerce,500,17,11,11
3b60d513e90300a4e9833e5cda1f1d61,,450,20,12,15
9c0e03692735d7d179868554fc5a1d2c,sports_leisure,2100,60,15,15
d2c277a6bd8e9119fa1a84c70f3eab5d,furniture_decor,2750,60,15,30
9ef3514cbcbf73d8b7d294036f99737f,housewares,1650,69,10,40
aa8d88eb4b9cb38894e33fa624c4287f,watches_gifts,250,16,2,11
64fb265487de2238627ce43fe8a67efc,bed_bath_table,1825,44,14,34
c6aa164ce2d179e87318dacf63ba9d9f,bed_bath_table,583,28,2,23
461f43be3bdf8844e65b62d9ac2c7a5a,watches_gifts,444,20,14,16
c72edc98e7d77f0c4c04ec80730c05f5,sports_leisure,700,26,14,24
e1e932dfb67414e80b87ad97688cf2a3,toys,3850,52,7,55
2dc2efef0bbccb4ea53e2a21cdd52dc7,baby,5650,60,20,50
f25c46ee777a6bee45ade2bec5b85c52,electronics,1450,48,5,12
02ee0862685e90b57cc241b7c9885f95,perfumery,555,24,8,15
8b8191f9283cd3c98fa9b37a0b0f99ef,perfumery,400,23,10,20
19421075ae0b585f2dc13ff149e2119d,sports_leisure,150,16,16,11
a38b238734207eeb0388676235cf56ec,watches_gifts,3200,16,2,11
16cb37c8d7713ae295b4c1a92a3f338c,perfumery,213,16,12,11
1585efae0c3719cefae4c6b411f07fb6,furniture_living_room,400,32,29,15
bb48c8fda6bcf73c9a0178fd1a1a366d,bed_bath_table,400,20,2,15
ee0c1cf2fbeae95205b4aa506f1469f0,perfumery,200,16,16,13
7945bb528c42095fccdf46321742afce,housewares,775,44,3,34
d01c8040e9da57814b24757884d840db,watches_gifts,600,18,12,13
8eb72e039f7857d796c5afe824d0c64c,sports_leisure,1600,21,18,18
10717ff440b2320081989126e858b220,bed_bath_table,4867,70,16,50
e9def91e99c8ecb7c5cef5e31506a056,toys,500,19,11,20
0b871b4731c7bee9332c7c0b9a742f1e,toys,14327,58,60,54
12fd27a8bb6012f32f607fa18de1978a,sports_leisure,4000,31,32,31
7a764d2ad0306a21f83f06ae99b397b7,home_confort,7150,50,20,40
ffae6024df16802ba75f761d9aa24367,telephony,150,27,5,20
62f9a2fb6e52ef49cef0254cecab4ba7,watches_gifts,190,23,16,18
b4c2b69bbc589dd1bcb0860261000bd5,auto,800,35,10,35
a0c2204c3d4f44050951935fc9eac14f,auto,4600,20,9,17
d9800a25632b4cca5f4207408c25fc3c,stationery,450,20,18,15
e7db73845e4033124467595ff6c0c237,computers_accessories,425,17,23,12
3bdb08012e5381f32cf7618d008aebee,bed_bath_table,3000,35,15,35
f177b434709ecb652dbee4f4b19aef2f,fashion_bags_accessories,200,16,16,16
ae8b1d2c414a22d06ba197876eff92f2,health_beauty,250,17,19,15
d4b65aedaa1a847abd993dced5ed2e30,baby,500,25,9,18
704ef63ad0ac345842ea734060a83db2,bed_bath_table,850,38,10,38
014a8a503291921f7b004a5215bb3c36,baby,150,16,7,11
5eedf4c1aa6ce63c49b7e0c547bf0ad9,furniture_decor,14500,40,60,40
1937b3e587fc766c8d1cef0c11c6aa53,sports_leisure,300,18,11,16
442fbdff3d856511168100ed3bafaadc,books_general_interest,243,16,15,16
cba54528d3adcef3c12d8e8b9a48bc17,bed_bath_table,700,45,10,35
b5694f734bee2683d25bb188a7f45b40,stationery,100,16,2,11
134a6fc4a713a799266ebd6a4f4008d4,sports_leisure,117,16,14,16
ca33dbc1342572c1aa64e74fb42bab4a,sports_leisure,300,16,18,11
af54833766006d685742bf140e6f0086,home_appliances,1600,60,8,36
b582be000fb3a394254623d5dff60f56,health_beauty,100,16,9,11
dbb67791e405873b259e4656bf971246,computers_accessories,207,17,12,13
b8ce63487e1d8881dac505b123c8e9b6,baby,1250,60,20,50
e44f675b60b3a3a2453ec36421e06f0f,sports_leisure,350,17,17,17
595fac2a385ac33a80bd5114aec74eb8,perfumery,400,19,13,19
a92930c327948861c015c919a0bcb4a8,watches_gifts,250,16,2,20
66a0a6e02b7f543e5b021ce361f267d4,cool_stuff,1500,50,40,30
abaefce0c17047c6829ff4078f2005d0,sports_leisure,700,30,30,30
38ef617a023fc4398829dd8c2b9e8be6,bed_bath_table,650,16,10,16
59a0529af96d3d459965f044c5cd1296,furniture_decor,400,50,3,25
a869ec6209c361ca46dad85a5530e119,sports_leisure,2438,28,31,24
f30bede207296a97f28cebe71037e67a,stationery,600,29,3,25
59526429f5ef2fd355737bd1883f7856,auto,700,25,25,25
52a0ba432dc806e4be2fd5cc224208af,furniture_decor,1550,30,30,30
e7f85e7f0203b7b95cc1b4c21b4b070c,cool_stuff,5575,60,22,47
50e1b118f266b655f613f753914c42db,bed_bath_table,800,16,20,28
f9cce45ac1d0fa42141d4dfb90bc3b14,furniture_decor,300,18,9,14
59e9e55854bde29f3942510af639b7d1,auto,325,18,13,13
49a2fa4ccedbad4f2e7ed4287fce1a6d,furniture_decor,1150,30,5,20
bf53d80c6cb1cbf63ba17e2175d521a5,baby,600,30,40,50
5a0783457f0264ade6beeac64ba145f4,small_appliances,400,20,11,12
6a6bdb7ebf4bcc4695ca0cbf9b35308f,telephony,200,16,21,11
ba5242745293e2e3d5669f14a9ed0c5c,computers_accessories,850,23,12,12
39377e2d331b8af5a19bc565215e3a8c,drinks,2500,28,15,15
9c711b24a6ec15a6cf438a0fa80d25d1,housewares,850,21,34,34
4e5e41fb7d296a6f776c63fee5cb9fac,watches_gifts,485,18,12,15
82a61259a621866c4ba63743da29a342,sports_leisure,4350,20,20,20
1c3872bb3c0bc580a0f1cd3f1cc869c5,sports_leisure,200,18,8,14
73f0291fe089e68d9d01418708e3f192,fashion_bags_accessories,250,16,2,11
c9c6fde711572c1ad99ca12728c6af00,telephony,150,17,8,14
e53e557d5a159f5aa2c5e995dfdf244b,computers_accessories,180,17,10,13
aaa86ad1d7ea86a2a753f71b5575736b,bed_bath_table,1633,32,5,29
4f823b57fbf2a359f9df38dc72ef0da6,books_technical,500,100,20,11
1ddff6edb745b60b1f4333ade8c45133,sports_leisure,600,16,14,14
cd48f265a63e13b762601f5f794c5fca,drinks,175,23,21,21
e3e6af2b9a779d64b3589a5b56102d16,furniture_decor,1050,25,25,25
30de9bc2bc110c6a584cacba9c17d88a,office_furniture,16150,63,62,24
e8d6e49fb0a39cfd4ebcdb977ebb82c4,construction_tools_safety,600,16,10,13
764292b2b0f73f77a0272be03fdd45f3,furniture_decor,750,30,30,11
84f456958365164420cfc80fbe4c7fab,bed_bath_table,1550,44,14,34
b0961721fd839e9982420e807758a2a6,garden_tools,1850,37,22,40
a70d74f54feefedd8108c45553766340,fashion_underwear_beach,150,42,4,14
44d097d59e8430f88a67517cd0c4f865,fashion_bags_accessories,350,16,2,20
81ef08bfaf325b8e81020f11567027c0,health_beauty,150,16,16,16
6ab6d9589ae19abcee458918d4779fae,electronics,5450,16,65,25
6acda50822cea0dbf080d2211a7f6ea5,electronics,200,22,11,18
bc761b82b8d1a7de5bb80fc34eff146e,electronics,625,31,17,23
23418e5faa9e642e928573220878a432,auto,100,24,2,17
446f791c0261ad0a93d4dced49d5d0bc,furniture_decor,6050,30,40,30
eef7436637ac87cad6bf5108284c3413,watches_gifts,342,18,12,16
de1eee6c50298db6028af08bd88a702a,housewares,1100,25,12,35
30653650de8d186314a945a970c21802,health_beauty,300,16,25,15
7ce94ab189134e2d3c05f496d635419c,electronics,200,25,7,16
89cd489d2c75553eb7fd7de3e25dc7a7,books_technical,1900,28,5,22
6bd755fb81238df1567677fb15b2daaf,health_beauty,1150,30,30,30
b79a274e7373a1bfcbd788a239591dec,perfumery,350,18,18,18
e3323b0d3f79bdf85b58561d2218bc12,computers_accessories,167,21,10,12
3880d25d502b15b1de6fddc42ad1d67a,sports_leisure,9850,105,35,50
5ab3c4c7b2b499f85cf923cd0f331c9f,stationery,600,28,10,44
87a71ae93900ab55fcf685c8040769b3,electronics,175,22,13,17
e7db7c40ea6647c808d48581f1308d88,baby,9400,75,15,50
281886d5650643134700ec611ac33532,sports_leisure,1100,16,16,16
a0cb23ea9b98f51407ac7bd1fcd29c2e,telephony,100,18,6,11
fb0e979620b2fd991a12edd108fc83f3,perfumery,550,16,16,11
b141c668aca84c5877a5c66bd94fedc8,health_beauty,200,16,5,15
3478e86e13980bc0cf09919ae35561f3,garden_tools,7600,56,54,12
6a1ac8352d7eee5e5108fad596e69ad1,electronics,645,19,10,19
977aa4ebf84b0eac12c39f9d3d8333cb,health_beauty,200,30,4,12
cf2e64deaefaf68804258d3deef54639,computers_accessories,575,25,25,25
79c0ace2ccf0da036e787875a49151a4,kitchen_dining_laundry_garden_furniture,14150,100,15,15
aefae62335aa97901109f0c0f08ff0bd,sports_leisure,2500,36,38,36
8562e2c780a345b609e1b802d7e3e4ae,bed_bath_table,1100,45,8,35
8883cd5c3e8ce5ce6ef730ff1d2f249e,electronics,230,19,10,15
222684e29ad17ce818d1b01753c0cfb8,perfumery,461,20,16,17
ee278da6df2f0ca2905e9e38da106ba6,sports_leisure,3000,36,31,31
68a00c2c89cc59b345242ac379ee4b26,sports_leisure,1350,31,32,31
c32788bc915b1ce4316822a1b7c4ec91,housewares,2000,28,60,28
6d68112743e7ed2de3932554b033f544,books_technical,500,90,11,11
0a783d7ce18a37749c3a059cf829564b,health_beauty,200,18,9,14
fa0bace68b883626200a9047a5ea10ca,health_beauty,543,30,12,16
c2d230b1474e8cffda72ebcc71c5cbb4,telephony,125,18,5,12
4b5ab3be3c6e52d0a7d6ba17bf6e6246,sports_leisure,3000,30,13,25
6cd51331a07b84149502aa6c9c5b536e,perfumery,183,16,10,14
0736b2e56f06e14d3aa1bef54de26052,telephony,75,19,3,11
f699f028e07048734e21b89d3d14e5b1,bed_bath_table,750,31,18,39
3006b8f5b476750a03137c1b2755cea1,computers_accessories,100,16,16,16
e68a066cb80e14f049aa01ede58bf0f6,fashion_bags_accessories,300,16,2,11
cc64f28b5d156587d478b9b1a876340e,auto,7900,40,40,30
15d30ec01983f8e4e69ff7ee703e5815,stationery,1275,39,21,27
8ba8c90e50add29be3159373ea7cb990,perfumery,550,22,16,16
bf6e9b07b37b073afbd4420d91518a9b,housewares,1300,30,30,30
599f8ba174ccb73cbb51452117fe3cb0,health_beauty,517,19,11,15
9e16022b3e12a7cd1e18755e2603f3a4,furniture_decor,3600,65,8,45
4cb1a2850af275025f76f015e0cc79cf,housewares,1300,25,40,25
c69dd9ac363d46d6e2ce4b11a0ee164b,auto,4475,56,31,34
d76c049f36a5b4975aa3cf095a6fa499,computers_accessories,194,21,15,15
9ede6b0570a75a4b9de4f383329f99ee,sports_leisure,1211,25,24,22
852b4b6ded0425a736da9dd818e872b6,fashion_bags_accessories,250,26,12,22
c892c76504fbc267594383bd0f0d94e8,,100,16,2,11
6af89b97a841482f79c52765bfe0d699,sports_leisure,1743,29,26,24
22c5ddc22ea8cae84fc9917def682dc6,perfumery,350,25,15,15
5c2a9a8bb1b65277521aabe555a4628c,health_beauty,390,21,16,18
8a1583ef3ffc9f4b5bfb7b78e74f4c9d,watches_gifts,667,17,11,14
703655144396d09091d9280259c9e51b,telephony,350,17,4,12
c18ac1d6cc053c0ec7296b994ae6ffeb,watches_gifts,550,16,2,11
4945f34d8df378693f6b84c437b414dc,furniture_decor,4150,50,15,40
e8980f13841769bf1770127583697d59,fashion_bags_accessories,100,16,3,17
5b226d7c52f86ac72457617f78cff95d,bed_bath_table,875,25,18,40
4b08796ea8ae2025d610f3e968e61471,stationery,350,16,16,16
a4800b5d0f4850922208a6cefcffed51,sports_leisure,1250,19,12,12
85f709dd4e8f207aecdfaeba8581c1f0,pet_shop,5900,81,81,11
acc78c9d340dbe682491c9d31ea7e187,baby,450,20,15,25
058b372f969b59e8c4a27e224243909c,stationery,5650,20,30,20
f0c1c1d5ec61ce4c4846abd4283631df,food,125,16,8,11
f08d9c15742df022236141f83e0a8a22,health_beauty,1267,23,18,19
1d1e5ff7c1fe84990f92d41f7425b789,construction_tools_construction,2650,16,11,11
b042c934bd8f4316e7b38633aa14266b,baby,9400,75,15,50
ce6f74096c84567f22728c84f3d6e7fc,bed_bath_table,1300,30,10,30
6fdbc2d597f906254d258d8d64d71925,bed_bath_table,550,30,3,19
f62cbf4416c9ef8e1b4e8d5279891f24,electronics,200,25,7,16
e20fcfa5bcdc5c4341d6680cca2bae68,sports_leisure,950,60,15,15
1acb18fc869c5489d5f76abcd681165e,sports_leisure,1600,30,30,35
e98e429fc8f0c5a7bec057cca4f3b6ca,health_beauty,300,17,11,13
50e8af969273d032e41047db40ed9be2,computers_accessories,650,16,29,22
8d139b1550c8cc91a3babc9cfe9fc147,telephony,500,16,6,11
0b039b61011417822882815943f13dac,electronics,150,30,10,20
dab2413ead0edda9967edbc9bda2a64e,telephony,250,17,7,13
c21afe62d4629a660593fd9b5e6223bb,telephony,150,18,3,16
e87ed1eba20ee630499eb23fcfb5c5fa,fashion_shoes,1000,18,8,20
83639e59e789cf2ed557ebf817f1085c,fashion_underwear_beach,150,42,4,14
80ec2c3e9b6567d1b32714e79282d57f,bed_bath_table,600,16,10,16
9176f023a7370b05745941b7c43c779f,musical_instruments,3600,70,20,30
28356035671957110f6f397362711b99,luggage_accessories,450,24,47,34
d4a3b5aa064bf44e74f1e71862bea22a,housewares,100,21,9,13
af79ac70de9a79b9c1c85ee0880c7206,sports_leisure,950,22,5,14
4e0f5e97804431100c5bded078a48df9,toys,1400,64,10,25
880be32f4db1d9f6e2bec38fb6ac23ab,toys,200,16,7,11
a659cb33082b851fb87a33af8f0fff29,auto,150,16,6,11
1594615cd50616d0ac086f5581d04ac0,bed_bath_table,1900,40,15,32
5b3aa845bba5aa7ba1216e36ae882cfa,health_beauty,75,16,10,11
5afde944579b289b99c1ee420b2ad73d,health_beauty,488,18,15,17
0cb8c29f963ae2069fcc3afe95fd93c1,toys,5031,60,43,29
f93213a23c50edc16c27b96333f734dc,sports_leisure,7550,28,40,40
bd6e6fce9ada76ea2db0f1912e8e478f,bed_bath_table,850,25,18,40
f083f237cbf95dd0a5185e902f385dd5,home_appliances,1800,25,14,23
52c80cedd4e90108bf4fa6a206ef6b03,garden_tools,7650,20,20,20
815ab08327dd05cc75b2b67311f83239,toys,450,20,12,17
521a25c115e204f7024656cd8b05aeb4,housewares,2250,40,35,14
f819f0c84a64f02d3a5606ca95edd272,watches_gifts,710,19,13,14
43706a3188de57bb50aa9f10e3b2fbde,health_beauty,150,16,4,16
cf96309600a89c51987b4786465f1be3,fashion_bags_accessories,200,16,2,11
7cb2ff3193293db892fd5697aa99a19b,furniture_decor,950,100,5,20
07a6879526099e7f3483481e5bd60b77,sports_leisure,3000,60,15,15
d251a837dcd0e6fd30f65d0df8338570,perfumery,77,25,13,14
d692d19cee022f7acab76373f297ad6a,bed_bath_table,1850,70,17,50
a4aa7c1427c31344e5f7cc3d839fe562,pet_shop,2200,50,20,40
31c79131e883e5fd8c4c85fe9f7d2bb2,telephony,250,17,4,12
b6bc721dd9f8308b569e8a73982a560e,bed_bath_table,650,16,22,11
2e0ce433616916840a405d0853407af8,computers_accessories,100,24,14,11
7172a7870fee91850dcbcb1f4de40cfc,bed_bath_table,1850,45,15,35
b0c8da302d49498d2ce6be8c631e4e20,computers_accessories,213,18,12,13
73c92dd0decac87c55334f6ae653ad36,auto,550,16,21,18
44fded21627553d1886d459384bbce06,electronics,150,25,7,16
8ab78b6f871fd72d1ef38097498b70b7,construction_tools_construction,1650,16,11,11
f0b543161e745b6c80a79c368db167a5,telephony,300,17,4,12
ecf9484703bdfb9cfcc1ac9c2084b567,housewares,11400,45,19,45
12cfb75a481057d8c401f03f870a3305,sports_leisure,350,20,10,20
a41d9e51c365f6e2f5eb1f98fa4097eb,health_beauty,150,20,20,20
47cd48073d67f91f09cb5ef9496c920b,bed_bath_table,2584,68,17,49
fcf39794919367e915d2656291f99564,computers_accessories,100,40,2,24
641a45900528e8324c4848dda4e0a3fa,housewares,250,30,30,30
1b28754d4c3737f9655d4a27c118bcd5,auto,2800,30,30,30
679c97b6819e657c506237438cacf60f,watches_gifts,250,16,11,11
55782ee5db5083e1e3bb2dbb054fdf49,cool_stuff,5400,42,21,36
7c898e0b8ea203dd94ba846627fc34d1,office_furniture,12650,54,54,18
ecac1d187a5eb579329eb27d3e4d636f,health_beauty,365,44,16,18
37eb540beaaf7aebd7d20b2f384af63d,bed_bath_table,250,16,10,16
9d6332c3e975253362b8cfbbd71f5a25,bed_bath_table,350,16,10,16
6f3b5b605d91b7439c5e3f5a8dffeea7,watches_gifts,335,17,11,16
7f303faaca61ab40b8f37d23b4ad34a7,toys,450,28,6,16
0d9374142ba86a7c22357ea192bcfde6,housewares,1275,27,26,27
e9b3cf27d68caa64832c4a7c460abcb9,market_place,1200,40,10,30
a1250bbcaa645885c9165eab1573b5c6,fashion_bags_accessories,200,16,2,20
54bb3470c28291c7252832f0437ca469,bed_bath_table,500,50,11,40
481aad97c80d6786a7c6096991003274,watches_gifts,450,16,17,13
4cafc445fc7535c3b41b8978c0ce68dc,industry_commerce_and_business,5550,36,51,18
c6745a1ce132f8dc5f38829c6fb67eba,computers_accessories,150,17,11,14
ee406bf28024d97771c4b1e8b7e8e219,cool_stuff,1050,36,24,22
629e019a6f298a83aeecc7877964f935,auto,1750,30,30,30
4c1bbc12438daec98a77243c2bf7a3ba,office_furniture,15475,81,7,83
cf9ffafa00d206fdfbd68c1e42bd5430,electronics,200,25,7,16
1302fd16bdfe85e523940c846370ef2c,construction_tools_lights,13450,95,30,20
98ef57aa2a72c64d8b7b53a64b6b6584,housewares,500,37,3,11
e4ca5b20cfe1a020e15e36fe14e880ee,electronics,125,20,13,18
0e683e7a71fcb46d071a6b104a685927,garden_tools,2100,25,32,26
b59b5899ecf4bcc294a72fdd48adaa94,telephony,225,17,6,13
7d33844ffd50c5fb265a1e0ba03d9470,consoles_games,150,24,5,24
0092a9e1c8a471753ed7ffa7eef5086e,health_beauty,350,16,16,16
88bd8458fdc2ceec3e71ef1d867a7b45,telephony,175,18,4,16
8392bd9333d10e51a2c2fc4596ee12a5,fashion_bags_accessories,200,16,7,11
75c06ee06b201f9b6301d2b5e72993f8,perfumery,50,16,5,11
d47b66f4d980a10ae5c5aa2222928741,health_beauty,717,31,15,22
25f86162fee18735fffdb762dcb10d7c,bed_bath_table,10800,54,27,36
06bf70b6e1d67d96308235ef350edc61,toys,950,105,10,11
cad2db5e318d7283a234c517b2f28a42,bed_bath_table,1600,30,5,30
1f347a9e26fb793f3730f30deecc682f,books_imported,800,30,2,21
6e77b89d36e50217e6793780a8ce5c82,telephony,300,17,4,12
308e4e21ae228a10f6370a243ae59995,office_furniture,8250,53,74,18
abc3432ff825d8e524db1d4eac6d2099,telephony,150,17,10,13
7638edba4cfcace983ea5ebf8f9a8244,computers_accessories,393,28,13,23
5b8a5a9417210b1b84b67b9a7aefb935,computers_accessories,117,21,12,13
63c6e184ddfd2f0879921b9455b21067,computers_accessories,400,16,5,11
7d0e0214a0852cf0c90032c7992cf27f,market_place,125,10,9,11
3f14d740544f37ece8a9e7bc8349797e,computers_accessories,321,19,14,13
e87c931c62c20f4b62ea85af5e22538a,bed_bath_table,833,29,2,28
8db26005b17d1f7e2e8b3ab829051790,computers_accessories,138,16,13,14
b4fc7e84dcaf2fcf3edb234e30362929,sports_leisure,1300,22,27,22
4253d0bdfe5de877ffc994926fa6041f,furniture_decor,1000,40,10,30
4aecca9430af7a8c0debefeed7b7607f,stationery,700,45,16,30
92503fc18ca14a8f32c182ce3f1b9f05,stationery,3450,27,29,27
4a5088fa8aec7bc653cb9cd2c30039ae,construction_tools_construction,3350,16,7,18
9ad75bd7267e5c724cb42c71ac56ca72,bed_bath_table,1225,35,15,38
11250b0d4b709fee92441c5f34122aed,agro_industry_and_commerce,3000,30,30,20
0b0172eb0fd18479d29c3bc122c058c2,electronics,150,22,13,15
0c9ff9d8ed9b9bdd825487b3a66e05f5,auto,7225,61,13,61
15c507fd1d486501a97bd53f82445f1e,pet_shop,250,20,20,20
f3ccdb9f9c7f31e0efd626e9110b85f5,christmas_supplies,1800,40,35,40
e5841e5f87a255ec40d170b4177d03ce,watches_gifts,3711,17,12,15
6a4a789c85b5704975300632152e595c,perfumery,195,35,10,13
0640a217fe729c5b8f61fd475f1fc22c,telephony,350,17,4,12
a4fdd00347db855f614a18bf51606df5,sports_leisure,1300,30,30,35
9fa1e97015f5c5e76add50079bb0ab44,perfumery,400,20,20,20
b24af8bca8813bcde4140ff8562f5e47,telephony,250,17,4,12
0c5193db708519e6b812ac8474898ffa,health_beauty,363,16,4,11
ffe75578163d45caa52bca3529cb511e,telephony,350,17,4,12
91e2aac5302f657c8fdf3040124d8809,stationery,817,33,22,39
e940125d0a3c309f58f41cd21e39af06,electronics,10550,30,105,20
b451771c959791dfcb641c46c8ee1e83,sports_leisure,2975,35,22,17
635812e3e457981e2dbc9739594fdb83,health_beauty,775,28,12,14
ba230fc7bcaa2f503c46d73098caeb66,home_appliances_2,18250,45,95,25
e9c9e9756631b640ec4eed3342168d72,auto,6050,40,30,30
8296481ad888f93f5dafcd25d65b09b8,cool_stuff,1050,27,22,39
96f96ac6ce04504599e212a3d826361e,housewares,3700,43,13,33
40e8b425d1a26e2d9cb77363523e05ce,christmas_supplies,4500,50,8,45
0ab78aeb8039e8ee1d47412e56baded3,consoles_games,200,17,3,14
48b099f6925c19d46ed5f013267681c2,bed_bath_table,650,27,10,23
04a67e69edfb208f784da30294f69c5b,sports_leisure,1350,26,18,18
037f82112a937df3f1486fa81eb1f127,sports_leisure,4700,85,30,20
4bc3ab2ff016887e619e587a993af3bf,watches_gifts,500,20,11,15
6d9c13461ff3d5e84455aec235969d23,electronics,200,25,7,16
657247f6f60543b93e3cc708a8e6329c,luggage_accessories,18050,75,20,50
93278713f25024bcab2ce87921bf8b87,auto,9950,60,30,40
b4f9530c931398e215242293c2c8ba4c,fixed_telephony,283,20,9,15
4debd977b5bc245487ec61b7961b16e3,telephony,650,19,3,11
d58020f0dc3b18e41728f846f5072a6c,telephony,150,17,8,14
fcb9824e33f82adb4fcac27ef46905b5,computers_accessories,100,40,2,24
4d5bb93bfa70f67cda10b1428f2a252c,books_technical,500,22,22,12
9f1c3e71d56894398a42b050b07f1baa,cool_stuff,163,17,11,13
c87d290a69f27d78e303df61eb85409b,books_general_interest,400,17,24,11
59b51733f8b660874abf04e987218962,housewares,8550,25,65,25
44a6e4ecf7b48f87481c243383b1c4cf,health_beauty,230,19,7,13
15627ec726c8361a54e87afd48c9ddab,computers_accessories,500,18,9,16
a41d69926dcf58caff228aa637ffea2f,auto,200,16,7,11
23e8820ae7d5a7aee1299a1923876b78,baby,500,99,3,65
dc1b575cdc26817d8826b684dec47b7c,baby,500,33,18,26
08bcc2d85da3a9c0e2ac1cc28b67418d,books_technical,350,23,2,16
6f20930691e0163bb23c9570a1a98402,auto,1900,30,10,30
1bfb290d7273a442c874dbe74b4abae6,office_furniture,10075,55,64,26
179363fe9f0eee05ad34df83c160dbcf,books_general_interest,600,16,25,11
32e18e89237933ebdaaebd78a27e7fa1,housewares,1400,26,41,26
261a0dd0382f9b866d73c37b3a9e83e4,sports_leisure,300,28,12,12
c78fe06bf8820aaf7ccbe38f2a7f5a76,auto,550,16,21,18
bace90a7338e9d31371ad47811cf4c7d,bed_bath_table,6450,60,14,38
d017a2151d543a9885604dc62a3d9dcc,fashion_bags_accessories,250,16,2,11
c652eb90b3f1bf875c4a5447a0710f65,sports_leisure,312,17,11,15
e8b3e1130c20d55ebe3466a7a7e2c1e6,stationery,400,28,9,18
1d6494a42302dba967b0c3a9c655d1a5,housewares,1800,30,30,30
3bdc89e963c6651b8af38ede485cc82b,housewares,25850,38,79,49
c211ff3068fcd2f8898192976d8b3a32,bed_bath_table,200,20,2,15
afa3726033e2542ca816dd6736e3c601,health_beauty,2100,60,33,21
5e23d50ce089e56d8e74f935f5afb167,pet_shop,800,20,70,20
8ec7eb9f181b55edfe7d45092c37a3ef,health_beauty,400,19,12,13
6b3de4cb14325f3a0dafa939520f514e,watches_gifts,250,16,2,11
ee3d532c8a438679776d222e997606b3,computers_accessories,360,19,18,15
0d85c435fd60b277ffb9e9b0f88f927a,computers_accessories,150,16,13,14
48f866f20b5b6015a324210988e73387,bed_bath_table,1850,45,15,35
ad88641611c35ebd59ecda07a9f17099,,450,16,7,11
fad534edb8f35664713c4b766fa473d4,bed_bath_table,400,20,2,15
68bf2e76db1d8e846042e54da87399ca,bed_bath_table,6850,59,22,37
b01f4da94c7769d2d4f404b5686695bb,sports_leisure,300,21,19,19
c9c455f9fd8ca66d3ff7f90a249753b4,sports_leisure,500,25,14,22
ce066f4a83649651549d717c9b566816,sports_leisure,2300,20,20,20
a5ae8400fc9fcacd4af585a57bbf264a,pet_shop,1150,40,20,30
0b5b70d1e74c4539deb5a21edb179d9f,baby,2000,33,44,19
90016d83b9e19d66e40e2c65ae5b31e2,home_appliances,250,27,12,17
466d263ce8b7bd275003ee2104428127,telephony,150,18,4,16
b76364870c38ddd7dcc9dd9ab5abeeb4,small_appliances,1200,25,20,20
9a0620ddaf3055b7e588e936e036a529,bed_bath_table,1600,34,7,32
7755106d0e62f58f17df7f06db8751da,sports_leisure,5150,20,16,16
20531b0644a0719b8d506c4db3c56609,housewares,10050,31,61,31
296160f1474264a2f1d7e738b999b93c,telephony,600,21,11,13
dea837d4f3f30b541725d258c15e4ff1,sports_leisure,475,23,23,21
f54c9c33102c5745b6abafb44465918d,furniture_living_room,19250,33,28,16
6a595ba787e397469b1a147508f361a9,auto,500,16,21,18
e8f48f7c1f715c4178d57c50dc622da7,stationery,550,16,4,11
e456721fdab66b576664c035ad183965,fashion_bags_accessories,150,16,9,11
9749139e09929de55d37e68e64b89706,health_beauty,650,16,7,13
b8fefc9c1f951969968e904d08bfa8cd,bed_bath_table,800,44,2,36
055cf0b2191631209c21bde8d353c7f2,cool_stuff,2600,30,10,20
02fbee632a2044d48ab16d57eec4db58,bed_bath_table,1017,39,15,34
6219295d42e02e53a4c770698fccf630,sports_leisure,350,16,12,14
72d92666be363eeed3cb22ad05964887,housewares,4267,47,23,31
d6fe3b4ddecd4a8393c6a1385de3bfb6,office_furniture,16650,63,58,24
85f493d343229dcd90aaa5fa5a2d39a0,health_beauty,150,19,17,15
b1f32fc9713cf8c0813fff7c9c8262b2,computers_accessories,225,30,9,23
4a6fffd5a0ca2230cf5b84dc624e9f95,books_general_interest,600,18,25,11
1854c27ffaae5706ae1fe46a242d5f19,furniture_decor,1200,34,34,18
1b0fb6d6a05121d4b76a49f44c2c427b,furniture_bedroom,10750,93,63,11
02cd69fa0c8bfb37ca444168927c1e85,auto,750,16,15,11
45f0310974e6082deeda855f91984347,furniture_decor,2800,50,10,40
4db7441d0d2cf3d22cb4d95f87d8bf63,electronics,9650,20,20,20
632ba0c3ace598871c24c49380796d57,computers_accessories,2950,18,25,18
d5e448e00fb7c59b31e0f3e43c2de0d7,cool_stuff,850,100,7,50
c0704b7b41d23540e8576c5e84484dcb,health_beauty,250,17,11,13
61b82c5df7252c3a4484943ebadd2a4d,furniture_decor,200,18,8,18
f699b297070aa38aaf3de9639302506a,sports_leisure,1250,31,32,31
82cbf8090880e6be359de9d332558817,sports_leisure,500,16,15,12
362052fcdf7c9e3596a0a6c97536cdc3,fashion_bags_accessories,100,21,9,14
642369377615febc7fa89e4c8df5110e,health_beauty,150,16,7,12
18486698933fbb64af6c0a255f7dd64c,computers_accessories,225,17,14,13
e7890707ac0e4e190a74aa46c92e2c94,watches_gifts,250,16,2,20
4f1a7a45b6d43fa7e4958e013923d9e5,musical_instruments,617,31,9,31
3dd2a17168ec895c781a9191c1e95ad7,computers_accessories,533,22,11,20
16007704980fa90718364a0dd747133e,health_beauty,1550,27,9,18
5c9f86c0e642b62c2100fd8d26f38771,sports_leisure,3717,40,40,45
2f9c82f3ca3b33585ac101579a28933d,toys,300,16,7,20
1ca737c9f8f06b3672be9f9f3f603d36,computers_accessories,350,19,19,13
726b4e18f00255e2e63491bcba3f60b8,furniture_mattress_and_upholstery,1700,70,10,100
10adb53d8faa890ca7c2f0cbcb68d777,bed_bath_table,200,16,10,16
7920997b359085a651b60a714364257b,bed_bath_table,10500,50,30,40
e59dd207c69d86e890febadc796d1078,cool_stuff,125,16,12,12
a62e25e09e05e6faf31d90c6ec1aa3d1,watches_gifts,1000,53,8,18
1347d4320dcd0acd750e37bb3d94a918,home_appliances,7600,30,50,40
db25a58a5da5dfe2fd19f2604491bd27,small_appliances,900,16,10,16
2a788bf848c3357ea72c31e344822aa9,perfumery,597,21,16,16
8c292ca193d326152e335d77176746f0,health_beauty,200,17,11,15
04b48e86a968cfe620da1cab5c7556ae,health_beauty,630,21,12,15
7724d1e2711ecb5f0b7678257e1a1cc6,bed_bath_table,8500,50,18,28
0e34187d4312b97b5e698836d28ed040,air_conditioning,525,16,17,12
ddceb6eef6af67e9fbbd4c148dbe5fd9,cool_stuff,4650,37,20,34
ca7f35fd05183d25040deb558fcf2317,bed_bath_table,1250,45,8,35
f5eeb0828b6adcc6d7a313db480a9037,toys,333,18,15,13
5a848e4ab52fd5445cdc07aab1c40e48,,400,20,12,15
a50acd33ba7a8da8e9db65094fa990a4,auto,4105,67,10,67
3b967178828b90699459383919d5d53b,luggage_accessories,21400,32,77,52
48c50c7181ca1507017447595d399b8f,luggage_accessories,900,40,20,30
24c66f106f642621e524291a895c9032,health_beauty,792,19,14,16
6d1d611877ca6fe8901e27ea00df988b,toys,650,33,14,23
6a8631b72a2f8729b91514db87e771c0,electronics,100,17,6,11
d2b0f9cd5e31ed47dbf92b157c0cda96,sports_leisure,2350,62,10,22
7d3297b1d734f63d40632fcf8e1a2cec,telephony,300,17,4,12
0f4a3e29a1c122f94fe4c48c49d9cfa9,sports_leisure,6850,93,6,93
64fb13596caf118c438edc5c6ed2d50a,computers_accessories,167,16,11,15
a346944c1cd1e118e4ecc398e51f03a0,computers_accessories,117,17,8,12
9b0ad21bbd4384f9ebc28a688e1e81cd,electronics,150,20,12,16
f8b624d4e475bb8d1bddf1b65c6a64f6,housewares,2841,40,23,26
d04bbac48960ecb7ea311b00ca6e1cb7,industry_commerce_and_business,11325,18,105,30
b99a3303b1ac44f41d753c36cb68b5b3,construction_tools_construction,1633,32,18,26
9165e7a5f9ef266f66ca19a816cdc657,cool_stuff,2300,53,40,22
60142008404f92c16972d1cb6dd0e3c8,housewares,2000,16,20,11
f82d1ebd3649e6b83c2d0f611cb5c540,bed_bath_table,4625,40,15,23
5bb4be64a977a8d78895f043aaa3b174,sports_leisure,3050,82,15,22
435fc681f12d221baf2257621262018b,auto,900,40,4,30
3c85232d9c97c6784684288a275f48e0,furniture_decor,300,35,10,25
24776376f3b02d27ac141a1bdc46d628,,200,17,14,16
f89d2b130b571d24532514dca6fee2a8,electronics,150,25,7,16
ad21c6ffe97ed6db7a3d73b51bca2ee0,health_beauty,150,16,7,15
84d2057bc1f88332d0892eea0e997d28,telephony,300,17,4,12
a30ea5a9dbd95db5a674c4beadb4fb0d,perfumery,450,21,27,15
5972ce0f3fcc077f4017b1f7cd9eb9f9,health_beauty,150,18,9,12
746d236f81b4ae9d259030ace2833590,health_beauty,29100,50,50,11
3394bd1ad2fa9278c9da6724fbe73c60,food_drink,650,16,23,17
63d6e7ab30f482382c9dfbbccae7da54,small_appliances,625,21,19,16
a00d11a2119bd70d658fc7cdcf1f59d3,furniture_decor,650,35,2,25
389d119b48cf3043d311335e499d9c6b,garden_tools,1750,37,22,40
d36c8237f8a0a889aa9d6ac7816097e3,,8750,80,10,60
2a256d1fd193c91de19036b7b9bde617,costruction_tools_garden,4050,28,28,23
bb15f9ba2ec6e36ab6c9e88d17430d64,fashion_bags_accessories,150,21,9,14
c30c7fa239be1f5dc272ebd5345a91ea,pet_shop,700,25,15,18
a237de12bdf0bfe4fe220bae65a89731,furniture_decor,1250,60,12,12
262e7c8eaed86e7aca83dcdaadc5a115,industry_commerce_and_business,6100,28,8,28
3d8d8d5750896bd918ef07a8539da096,home_appliances,100,18,8,13
53ea9da485f6aed8a6f03a85831fe021,watches_gifts,346,18,10,13
830345ab5d2e365c7c6b91459119ea2d,health_beauty,1400,22,29,13
9637ad471df1e71f71217ef109fb0607,health_beauty,600,16,6,11
4ff6d690de7f98ab534ab22881bf5819,food_drink,1200,19,12,12
acdf5c2a687407b37b00081300de0bdc,construction_tools_construction,200,19,19,19
480b87ba9ee9ec819d8e5c3bff760e90,electronics,513,30,14,15
e729528d0513c6dfec158a515a47187b,sports_leisure,5850,90,20,20
ef1c671d636510846d72e7aa3af1e0a5,telephony,300,17,4,12
4b7ddf18ef3c5205f6ec288dffcd7c55,cool_stuff,500,16,12,22
8c591ab0ca519558779df02023177f44,garden_tools,6050,20,20,20
10990aaa402c4692f9eb94cbc354e53c,bed_bath_table,3128,60,24,39
e89607ddfcf953bc7a85adaca52e122a,flowers,6000,16,16,16
c69ee3d090e5c25f7e8633b164fc001b,auto,3566,63,9,63
430f4c8e02bd4e1fe6330c38689b54f3,bed_bath_table,950,44,2,36
2b703ec635a9868dc7da64dda15cd828,baby,1150,60,15,40
5a41b34fa72eb9c57130a1e6265b344a,computers_accessories,400,20,6,14
c6b3e5dad7e071459c1ab64d517d848c,computers_accessories,400,16,5,11
04abe952a7292c9914a0ddade6371114,pet_shop,25000,70,69,56
753a100906f88d8b0a5ec196684e028e,fashion_bags_accessories,200,33,8,11
1055eeaf8ff86006605e1d7caa3bf310,electronics,200,25,7,16
2239cf6b4421c4bd57f8a87127800929,office_furniture,16125,81,7,83
98d8b8d9df31604bf471f6d9483e94f5,health_beauty,2000,30,12,16
77b8df1769ca65b7d8beb835ba31d297,auto,1500,50,5,50
f51dde119b9a90e3c7464f0cc45c0953,electronics,150,18,7,11
f0f719ace174d68fdc838d8d6c4ce26e,sports_leisure,1700,31,24,24
f9a1e7b118211efcf90f87de886dcc7d,furniture_decor,3100,36,11,26
55945cf4a4e6def88dcc8996a581608a,health_beauty,275,28,12,22
4df83a41105e00e0845b9d12b5fe601c,watches_gifts,536,20,13,18
793dc6416cb7c57351e27eec5ee69f5b,fashion_shoes,1050,21,9,22
2e8316b31db34314f393806fd7b6e185,stationery,100,16,10,16
43979b70f75394b51866db74a0b9ce7d,housewares,350,54,27,39
9d364fec2ac9a80f64bae58b5c034832,housewares,4900,60,15,36
242edc6b84c00f0d48c664a020a92c52,luggage_accessories,500,23,45,32
5ad2b7b30050dd8aa51c2fed1db13e22,stationery,6100,38,30,28
b88eb82a396197f720eee0aef2f7dfed,auto,4550,35,20,20
90aa2ab699cd0e459be93124aa91c82f,bed_bath_table,2300,43,8,33
8a443635fdf9759915c9be5be2e3b862,bed_bath_table,1400,46,2,36
592962829d5a715304344e656e39108a,bed_bath_table,1750,30,5,30
b7ee4f73c0c56e60a43be7989149c089,auto,500,16,21,18
c4baedd846ed09b85f78a781b522f126,garden_tools,5950,20,20,20
8cd4137e61645f90ab828559c9ab651a,health_beauty,650,16,20,15
f3b8bfa5b86249e75e5c0632acc0e82e,health_beauty,2550,20,20,30
af2d506fb01b724e03591349ad36b67e,baby,600,20,13,13
a8cd3c264c6b406a06a23ace0b16fd9a,furniture_decor,1250,69,11,11
d493f5a208254fe85b3ab55d898461a1,food,675,28,15,15
38fa750a3a3b3204f169c86a3284d387,sports_leisure,183,16,18,16
2907243f68e5e3eca9cea8276cc3fe04,computers_accessories,4200,30,10,30
85bb2ec914e43df39983d98c9156ce59,watches_gifts,300,22,6,11
b91982b3afff5d274cf34ce54801a8e6,,1500,50,30,32
ae52eeb8383b94455f0a08b1f88ad002,computers_accessories,167,21,13,12
8cc4fe56312075f8c29550fcd66b0fa9,furniture_decor,350,35,2,25
665aa1d687284a4d2d2b74c0c6724625,bed_bath_table,1550,30,5,30
f8b1b810ffb15e012d0ebba1be2810aa,furniture_decor,1100,16,15,18
07dbfabaa4709da14c7e58ca17fe7998,sports_leisure,2250,28,28,28
c8c6606a94a40c89625b72cf7079aa1d,toys,350,22,35,19
17a019676883dce326999c11a46a14f0,musical_instruments,150,16,4,14
2c1a7a693a0c48d9e0327e9b6939bbf8,electronics,150,17,8,12
a412aeba7360afad41b632da6b27105c,computers_accessories,150,41,2,29
39a9942865c056ed2006a5e8c11d9537,toys,800,37,14,37
c58a00c22983c35a40e549564aa0aafa,stationery,6050,60,20,29
35afc973633aaeb6b877ff57b2793310,home_confort,1825,53,10,40
05a9dadb8402b6b7ae3dd28f7da187b5,computers_accessories,2950,20,20,20
2cb04e10eeaa0cc28bb0b7db018c9056,health_beauty,1350,27,27,22
53759a2ecddad2bb87a079a1f1519f73,garden_tools,1500,30,22,30
30ed2f5bb848bade9d8906ef78dd880a,bed_bath_table,1400,50,16,16
2113a6ce0fd2c2cbe118360bad4ac445,housewares,650,17,17,13
42a2c92a0979a949ca4ea89ec5c7b934,housewares,7000,26,47,27
fb55982be901439613a95940feefd9ee,stationery,7000,60,20,30
cb9cc307a215ac435ec87b0f799e8dab,garden_tools,5450,23,7,20
83bfae859f4a37b048a3abcecb17c506,housewares,9400,40,28,40
d753d967faa594c1c4014dc58966e8e1,construction_tools_construction,21900,41,12,41
a9516a079e37a9c9c36b9b78b10169e8,office_furniture,8683,54,64,31
dd6a505f83dd3c6326aa9856519e0978,toys,200,16,7,11
fb6782985a98aa8a59238f58239f6f1e,computers_accessories,2500,50,10,40
dd0dcee76f9c12fff4bc0eb641d57c7f,electronics,250,25,7,14
428826d374cf2a3f61d6072163ca6502,bed_bath_table,550,16,10,16
b249cf5fcf68f70e13515489f0fcb627,garden_tools,1300,19,33,13
dbf47a585df3a9d8f0b5f4c125a2b8e8,office_furniture,8700,52,51,17
ba819ec203c9a9382f87d49898692520,costruction_tools_tools,250,16,12,14
f06f8cd7e0dd398f827c366664e972f1,perfumery,400,18,18,12
97b6b2b77117d7e304364b433fcc649e,computers_accessories,100,16,8,11
49e15e6133b2f4e4fccb783a8e716707,telephony,100,19,4,11
1ee03eca6034b77b25d08c004bc79dd8,fashion_bags_accessories,200,16,2,11
71a5f1c2a5fd9889ef26b5ac22aec9c6,furniture_decor,100,16,3,11
00faa46f36261af8bbf3a4d37fa4841b,fashion_bags_accessories,100,21,9,14
b497d0032ea073dd58bbd2d7809d25b3,health_beauty,825,23,5,15
7d1a667dbc183583078324f912d42c6b,sports_leisure,150,16,6,11
8e5e831d742acedb1758e90e18974231,auto,550,20,15,15
a0b7d5a992ccda646f2d34e418fff5a0,furniture_decor,12300,40,40,40
